id,datetime,open,high,low,close,volume
CFFEX.IH2209,1970-01-01 08:00:00,,,,,0.0
CFFEX.IH2209,1970-01-01 08:00:00,,,,,0.0
CFFEX.IH2209,1970-01-01 08:00:00,,,,,0.0
CFFEX.IH2209,1970-01-01 08:00:00,,,,,0.0
CFFEX.IH2209,1970-01-01 08:00:00,,,,,0.0
CFFEX.IH2209,1970-01-01 08:00:00,,,,,0.0
CFFEX.IH2209,1970-01-01 08:00:00,,,,,0.0
CFFEX.IH2209,1970-01-01 08:00:00,,,,,0.0
CFFEX.IH2209,1970-01-01 08:00:00,,,,,0.0
CFFEX.IH2209,1970-01-01 08:00:00,,,,,0.0
CFFEX.IH2209,1970-01-01 08:00:00,,,,,0.0
CFFEX.IH2209,1970-01-01 08:00:00,,,,,0.0
CFFEX.IH2209,1970-01-01 08:00:00,,,,,0.0
CFFEX.IH2209,1970-01-01 08:00:00,,,,,0.0
CFFEX.IH2209,1970-01-01 08:00:00,,,,,0.0
CFFEX.IH2209,1970-01-01 08:00:00,,,,,0.0
CFFEX.IH2209,1970-01-01 08:00:00,,,,,0.0
CFFEX.IH2209,1970-01-01 08:00:00,,,,,0.0
CFFEX.IH2209,1970-01-01 08:00:00,,,,,0.0
CFFEX.IH2209,1970-01-01 08:00:00,,,,,0.0
CFFEX.IH2209,1970-01-01 08:00:00,,,,,0.0
CFFEX.IH2209,1970-01-01 08:00:00,,,,,0.0
CFFEX.IH2209,1970-01-01 08:00:00,,,,,0.0
CFFEX.IH2209,1970-01-01 08:00:00,,,,,0.0
CFFEX.IH2209,1970-01-01 08:00:00,,,,,0.0
CFFEX.IH2209,1970-01-01 08:00:00,,,,,0.0
CFFEX.IH2209,1970-01-01 08:00:00,,,,,0.0
CFFEX.IH2209,1970-01-01 08:00:00,,,,,0.0
CFFEX.IH2209,1970-01-01 08:00:00,,,,,0.0
CFFEX.IH2209,1970-01-01 08:00:00,,,,,0.0
CFFEX.IH2209,1970-01-01 08:00:00,,,,,0.0
CFFEX.IH2209,1970-01-01 08:00:00,,,,,0.0
CFFEX.IH2209,1970-01-01 08:00:00,,,,,0.0
CFFEX.IH2209,1970-01-01 08:00:00,,,,,0.0
CFFEX.IH2209,1970-01-01 08:00:00,,,,,0.0
CFFEX.IH2209,1970-01-01 08:00:00,,,,,0.0
CFFEX.IH2209,1970-01-01 08:00:00,,,,,0.0
CFFEX.IH2209,1970-01-01 08:00:00,,,,,0.0
CFFEX.IH2209,1970-01-01 08:00:00,,,,,0.0
CFFEX.IH2209,1970-01-01 08:00:00,,,,,0.0
CFFEX.IH2209,1970-01-01 08:00:00,,,,,0.0
CFFEX.IH2209,1970-01-01 08:00:00,,,,,0.0
CFFEX.IH2209,1970-01-01 08:00:00,,,,,0.0
CFFEX.IH2209,1970-01-01 08:00:00,,,,,0.0
CFFEX.IH2209,1970-01-01 08:00:00,,,,,0.0
CFFEX.IH2209,1970-01-01 08:00:00,,,,,0.0
CFFEX.IH2209,1970-01-01 08:00:00,,,,,0.0
CFFEX.IH2209,1970-01-01 08:00:00,,,,,0.0
CFFEX.IH2209,1970-01-01 08:00:00,,,,,0.0
CFFEX.IH2209,1970-01-01 08:00:00,,,,,0.0
CFFEX.IH2209,1970-01-01 08:00:00,,,,,0.0
CFFEX.IH2209,1970-01-01 08:00:00,,,,,0.0
CFFEX.IH2209,1970-01-01 08:00:00,,,,,0.0
CFFEX.IH2209,1970-01-01 08:00:00,,,,,0.0
CFFEX.IH2209,1970-01-01 08:00:00,,,,,0.0
CFFEX.IH2209,1970-01-01 08:00:00,,,,,0.0
CFFEX.IH2209,1970-01-01 08:00:00,,,,,0.0
CFFEX.IH2209,1970-01-01 08:00:00,,,,,0.0
CFFEX.IH2209,1970-01-01 08:00:00,,,,,0.0
CFFEX.IH2209,1970-01-01 08:00:00,,,,,0.0
CFFEX.IH2209,1970-01-01 08:00:00,,,,,0.0
CFFEX.IH2209,1970-01-01 08:00:00,,,,,0.0
CFFEX.IH2209,1970-01-01 08:00:00,,,,,0.0
CFFEX.IH2209,1970-01-01 08:00:00,,,,,0.0
CFFEX.IH2209,1970-01-01 08:00:00,,,,,0.0
CFFEX.IH2209,1970-01-01 08:00:00,,,,,0.0
CFFEX.IH2209,1970-01-01 08:00:00,,,,,0.0
CFFEX.IH2209,1970-01-01 08:00:00,,,,,0.0
CFFEX.IH2209,1970-01-01 08:00:00,,,,,0.0
CFFEX.IH2209,1970-01-01 08:00:00,,,,,0.0
CFFEX.IH2209,1970-01-01 08:00:00,,,,,0.0
CFFEX.IH2209,1970-01-01 08:00:00,,,,,0.0
CFFEX.IH2209,1970-01-01 08:00:00,,,,,0.0
CFFEX.IH2209,1970-01-01 08:00:00,,,,,0.0
CFFEX.IH2209,1970-01-01 08:00:00,,,,,0.0
CFFEX.IH2209,1970-01-01 08:00:00,,,,,0.0
CFFEX.IH2209,1970-01-01 08:00:00,,,,,0.0
CFFEX.IH2209,1970-01-01 08:00:00,,,,,0.0
CFFEX.IH2209,1970-01-01 08:00:00,,,,,0.0
CFFEX.IH2209,1970-01-01 08:00:00,,,,,0.0
CFFEX.IH2209,1970-01-01 08:00:00,,,,,0.0
CFFEX.IH2209,1970-01-01 08:00:00,,,,,0.0
CFFEX.IH2209,1970-01-01 08:00:00,,,,,0.0
CFFEX.IH2209,1970-01-01 08:00:00,,,,,0.0
CFFEX.IH2209,1970-01-01 08:00:00,,,,,0.0
CFFEX.IH2209,1970-01-01 08:00:00,,,,,0.0
CFFEX.IH2209,1970-01-01 08:00:00,,,,,0.0
CFFEX.IH2209,1970-01-01 08:00:00,,,,,0.0
CFFEX.IH2209,1970-01-01 08:00:00,,,,,0.0
CFFEX.IH2209,1970-01-01 08:00:00,,,,,0.0
CFFEX.IH2209,1970-01-01 08:00:00,,,,,0.0
CFFEX.IH2209,1970-01-01 08:00:00,,,,,0.0
CFFEX.IH2209,1970-01-01 08:00:00,,,,,0.0
CFFEX.IH2209,1970-01-01 08:00:00,,,,,0.0
CFFEX.IH2209,1970-01-01 08:00:00,,,,,0.0
CFFEX.IH2209,1970-01-01 08:00:00,,,,,0.0
CFFEX.IH2209,1970-01-01 08:00:00,,,,,0.0
CFFEX.IH2209,1970-01-01 08:00:00,,,,,0.0
CFFEX.IH2209,1970-01-01 08:00:00,,,,,0.0
CFFEX.IH2209,1970-01-01 08:00:00,,,,,0.0
CFFEX.IH2209,1970-01-01 08:00:00,,,,,0.0
CFFEX.IH2209,1970-01-01 08:00:00,,,,,0.0
CFFEX.IH2209,1970-01-01 08:00:00,,,,,0.0
CFFEX.IH2209,1970-01-01 08:00:00,,,,,0.0
CFFEX.IH2209,1970-01-01 08:00:00,,,,,0.0
CFFEX.IH2209,1970-01-01 08:00:00,,,,,0.0
CFFEX.IH2209,1970-01-01 08:00:00,,,,,0.0
CFFEX.IH2209,1970-01-01 08:00:00,,,,,0.0
CFFEX.IH2209,1970-01-01 08:00:00,,,,,0.0
CFFEX.IH2209,1970-01-01 08:00:00,,,,,0.0
CFFEX.IH2209,1970-01-01 08:00:00,,,,,0.0
CFFEX.IH2209,1970-01-01 08:00:00,,,,,0.0
CFFEX.IH2209,1970-01-01 08:00:00,,,,,0.0
CFFEX.IH2209,1970-01-01 08:00:00,,,,,0.0
CFFEX.IH2209,1970-01-01 08:00:00,,,,,0.0
CFFEX.IH2209,1970-01-01 08:00:00,,,,,0.0
CFFEX.IH2209,1970-01-01 08:00:00,,,,,0.0
CFFEX.IH2209,1970-01-01 08:00:00,,,,,0.0
CFFEX.IH2209,1970-01-01 08:00:00,,,,,0.0
CFFEX.IH2209,1970-01-01 08:00:00,,,,,0.0
CFFEX.IH2209,1970-01-01 08:00:00,,,,,0.0
CFFEX.IH2209,1970-01-01 08:00:00,,,,,0.0
CFFEX.IH2209,1970-01-01 08:00:00,,,,,0.0
CFFEX.IH2209,1970-01-01 08:00:00,,,,,0.0
CFFEX.IH2209,1970-01-01 08:00:00,,,,,0.0
CFFEX.IH2209,1970-01-01 08:00:00,,,,,0.0
CFFEX.IH2209,1970-01-01 08:00:00,,,,,0.0
CFFEX.IH2209,1970-01-01 08:00:00,,,,,0.0
CFFEX.IH2209,1970-01-01 08:00:00,,,,,0.0
CFFEX.IH2209,1970-01-01 08:00:00,,,,,0.0
CFFEX.IH2209,1970-01-01 08:00:00,,,,,0.0
CFFEX.IH2209,1970-01-01 08:00:00,,,,,0.0
CFFEX.IH2209,1970-01-01 08:00:00,,,,,0.0
CFFEX.IH2209,1970-01-01 08:00:00,,,,,0.0
CFFEX.IH2209,1970-01-01 08:00:00,,,,,0.0
CFFEX.IH2209,1970-01-01 08:00:00,,,,,0.0
CFFEX.IH2209,1970-01-01 08:00:00,,,,,0.0
CFFEX.IH2209,1970-01-01 08:00:00,,,,,0.0
CFFEX.IH2209,1970-01-01 08:00:00,,,,,0.0
CFFEX.IH2209,1970-01-01 08:00:00,,,,,0.0
CFFEX.IH2209,1970-01-01 08:00:00,,,,,0.0
CFFEX.IH2209,1970-01-01 08:00:00,,,,,0.0
CFFEX.IH2209,1970-01-01 08:00:00,,,,,0.0
CFFEX.IH2209,1970-01-01 08:00:00,,,,,0.0
CFFEX.IH2209,1970-01-01 08:00:00,,,,,0.0
CFFEX.IH2209,1970-01-01 08:00:00,,,,,0.0
CFFEX.IH2209,1970-01-01 08:00:00,,,,,0.0
CFFEX.IH2209,1970-01-01 08:00:00,,,,,0.0
CFFEX.IH2209,1970-01-01 08:00:00,,,,,0.0
CFFEX.IH2209,1970-01-01 08:00:00,,,,,0.0
CFFEX.IH2209,1970-01-01 08:00:00,,,,,0.0
CFFEX.IH2209,1970-01-01 08:00:00,,,,,0.0
CFFEX.IH2209,1970-01-01 08:00:00,,,,,0.0
CFFEX.IH2209,1970-01-01 08:00:00,,,,,0.0
CFFEX.IH2209,1970-01-01 08:00:00,,,,,0.0
CFFEX.IH2209,1970-01-01 08:00:00,,,,,0.0
CFFEX.IH2209,1970-01-01 08:00:00,,,,,0.0
CFFEX.IH2209,1970-01-01 08:00:00,,,,,0.0
CFFEX.IH2209,1970-01-01 08:00:00,,,,,0.0
CFFEX.IH2209,1970-01-01 08:00:00,,,,,0.0
CFFEX.IH2209,1970-01-01 08:00:00,,,,,0.0
CFFEX.IH2209,1970-01-01 08:00:00,,,,,0.0
CFFEX.IH2209,1970-01-01 08:00:00,,,,,0.0
CFFEX.IH2209,1970-01-01 08:00:00,,,,,0.0
CFFEX.IH2209,1970-01-01 08:00:00,,,,,0.0
CFFEX.IH2209,1970-01-01 08:00:00,,,,,0.0
CFFEX.IH2209,1970-01-01 08:00:00,,,,,0.0
CFFEX.IH2209,1970-01-01 08:00:00,,,,,0.0
CFFEX.IH2209,1970-01-01 08:00:00,,,,,0.0
CFFEX.IH2209,1970-01-01 08:00:00,,,,,0.0
CFFEX.IH2209,2022-01-24 09:00:00,3227.8,3227.8,3180.0,3181.2,623.0
CFFEX.IH2209,2022-01-24 10:00:00,3181.2,3198.8,3167.4,3190.6,1084.0
CFFEX.IH2209,2022-01-24 11:00:00,3190.6,3198.4,3186.8,3198.4,229.0
CFFEX.IH2209,2022-01-24 13:00:00,3198.4,3198.4,3168.0,3168.0,353.0
CFFEX.IH2209,2022-01-24 14:00:00,3168.0,3183.0,3166.6,3183.0,301.0
CFFEX.IH2209,2022-01-25 09:00:00,3172.0,3172.0,3146.6,3159.4,375.0
CFFEX.IH2209,2022-01-25 10:00:00,3159.4,3163.8,3151.2,3161.4,355.0
CFFEX.IH2209,2022-01-25 11:00:00,3161.4,3161.4,3149.0,3149.0,197.0
CFFEX.IH2209,2022-01-25 13:00:00,3149.0,3149.0,3124.4,3139.0,333.0
CFFEX.IH2209,2022-01-25 14:00:00,3139.0,3142.6,3107.2,3111.2,402.0
CFFEX.IH2209,2022-01-26 09:00:00,3125.0,3137.2,3121.0,3125.0,423.0
CFFEX.IH2209,2022-01-26 10:00:00,3125.0,3136.0,3124.4,3124.4,373.0
CFFEX.IH2209,2022-01-26 11:00:00,3124.4,3127.2,3111.8,3111.8,210.0
CFFEX.IH2209,2022-01-26 13:00:00,3111.8,3128.4,3099.6,3126.0,491.0
CFFEX.IH2209,2022-01-26 14:00:00,3126.0,3138.8,3126.0,3134.2,307.0
CFFEX.IH2209,2022-01-27 09:00:00,3131.2,3131.2,3103.8,3107.4,455.0
CFFEX.IH2209,2022-01-27 10:00:00,3107.4,3117.0,3076.0,3115.0,663.0
CFFEX.IH2209,2022-01-27 11:00:00,3115.0,3120.2,3108.2,3108.2,174.0
CFFEX.IH2209,2022-01-27 13:00:00,3107.8,3118.0,3095.4,3115.0,248.0
CFFEX.IH2209,2022-01-27 14:00:00,3115.0,3115.0,3085.6,3097.8,343.0
CFFEX.IH2209,2022-01-28 09:00:00,3110.2,3117.4,3087.8,3092.6,423.0
CFFEX.IH2209,2022-01-28 10:00:00,3092.6,3098.4,3055.0,3091.4,541.0
CFFEX.IH2209,2022-01-28 11:00:00,3091.4,3095.2,3078.8,3088.0,158.0
CFFEX.IH2209,2022-01-28 13:00:00,3083.6,3089.8,3070.2,3075.2,294.0
CFFEX.IH2209,2022-01-28 14:00:00,3075.2,3077.0,2950.0,3000.0,1023.0
CFFEX.IH2209,2022-02-07 09:00:00,3047.4,3076.0,3040.0,3061.4,671.0
CFFEX.IH2209,2022-02-07 10:00:00,3061.4,3072.8,3055.8,3065.8,746.0
CFFEX.IH2209,2022-02-07 11:00:00,3065.8,3089.8,3060.2,3088.4,404.0
CFFEX.IH2209,2022-02-07 13:00:00,3089.0,3095.6,3076.6,3083.8,662.0
CFFEX.IH2209,2022-02-07 14:00:00,3083.8,3090.8,3072.2,3074.4,273.0
CFFEX.IH2209,2022-02-08 09:00:00,3074.2,3078.4,3062.4,3068.2,397.0
CFFEX.IH2209,2022-02-08 10:00:00,3068.2,3070.6,3043.6,3055.0,501.0
CFFEX.IH2209,2022-02-08 11:00:00,3055.0,3055.0,3029.2,3043.2,264.0
CFFEX.IH2209,2022-02-08 13:00:00,3040.2,3068.4,3036.0,3063.6,318.0
CFFEX.IH2209,2022-02-08 14:00:00,3063.6,3089.6,3061.0,3088.0,474.0
CFFEX.IH2209,2022-02-09 09:00:00,3089.0,3105.4,3082.6,3089.0,517.0
CFFEX.IH2209,2022-02-09 10:00:00,3089.0,3095.6,3078.0,3083.6,588.0
CFFEX.IH2209,2022-02-09 11:00:00,3083.6,3092.2,3082.2,3088.6,155.0
CFFEX.IH2209,2022-02-09 13:00:00,3090.2,3114.2,3088.2,3098.4,1059.0
CFFEX.IH2209,2022-02-09 14:00:00,3098.4,3114.0,3098.4,3105.8,301.0
CFFEX.IH2209,2022-02-10 09:00:00,3110.0,3115.6,3093.8,3101.6,445.0
CFFEX.IH2209,2022-02-10 10:00:00,3101.6,3113.0,3097.4,3100.4,455.0
CFFEX.IH2209,2022-02-10 11:00:00,3100.4,3100.6,3095.0,3098.6,132.0
CFFEX.IH2209,2022-02-10 13:00:00,3098.6,3105.4,3095.4,3104.0,447.0
CFFEX.IH2209,2022-02-10 14:00:00,3104.0,3113.8,3101.6,3112.2,487.0
CFFEX.IH2209,2022-02-11 09:00:00,3102.2,3137.4,3097.0,3137.2,804.0
CFFEX.IH2209,2022-02-11 10:00:00,3137.2,3138.6,3115.2,3135.0,826.0
CFFEX.IH2209,2022-02-11 11:00:00,3135.0,3141.4,3128.0,3140.6,446.0
CFFEX.IH2209,2022-02-11 13:00:00,3138.8,3138.8,3109.6,3117.2,550.0
CFFEX.IH2209,2022-02-11 14:00:00,3117.2,3120.0,3105.2,3105.2,534.0
CFFEX.IH2209,2022-02-14 09:00:00,3096.0,3104.6,3078.0,3092.0,647.0
CFFEX.IH2209,2022-02-14 10:00:00,3092.0,3092.2,3071.6,3086.0,888.0
CFFEX.IH2209,2022-02-14 11:00:00,3086.0,3092.2,3081.2,3087.2,215.0
CFFEX.IH2209,2022-02-14 13:00:00,3087.2,3089.8,3073.2,3073.8,581.0
CFFEX.IH2209,2022-02-14 14:00:00,3073.8,3082.6,3064.6,3073.4,579.0
CFFEX.IH2209,2022-02-15 09:00:00,3074.8,3085.4,3068.6,3085.0,363.0
CFFEX.IH2209,2022-02-15 10:00:00,3085.0,3093.4,3079.8,3082.0,522.0
CFFEX.IH2209,2022-02-15 11:00:00,3082.0,3087.0,3080.2,3081.0,227.0
CFFEX.IH2209,2022-02-15 13:00:00,3080.2,3080.2,3067.2,3073.0,640.0
CFFEX.IH2209,2022-02-15 14:00:00,3073.0,3083.2,3067.4,3080.0,511.0
CFFEX.IH2209,2022-02-16 09:00:00,3092.6,3106.8,3092.2,3101.4,535.0
CFFEX.IH2209,2022-02-16 10:00:00,3101.4,3107.8,3097.6,3100.0,719.0
CFFEX.IH2209,2022-02-16 11:00:00,3100.0,3105.8,3099.6,3100.8,486.0
CFFEX.IH2209,2022-02-16 13:00:00,3100.8,3102.6,3093.4,3100.4,517.0
CFFEX.IH2209,2022-02-16 14:00:00,3100.4,3103.2,3088.6,3095.6,532.0
CFFEX.IH2209,2022-02-17 09:00:00,3096.6,3109.0,3092.2,3109.0,422.0
CFFEX.IH2209,2022-02-17 10:00:00,3109.0,3117.0,3105.2,3116.6,677.0
CFFEX.IH2209,2022-02-17 11:00:00,3116.6,3116.6,3109.4,3111.6,157.0
CFFEX.IH2209,2022-02-17 13:00:00,3106.0,3106.8,3095.4,3099.0,630.0
CFFEX.IH2209,2022-02-17 14:00:00,3099.0,3102.8,3092.2,3094.0,551.0
CFFEX.IH2209,2022-02-18 09:00:00,3085.0,3096.4,3079.2,3092.6,545.0
CFFEX.IH2209,2022-02-18 10:00:00,3092.6,3101.0,3091.4,3097.2,288.0
CFFEX.IH2209,2022-02-18 11:00:00,3097.2,3100.8,3094.6,3098.4,69.0
CFFEX.IH2209,2022-02-18 13:00:00,3098.4,3121.8,3098.2,3113.2,480.0
CFFEX.IH2209,2022-02-18 14:00:00,3113.2,3125.2,3111.8,3122.6,463.0
CFFEX.IH2209,2022-02-21 09:00:00,3119.0,3120.8,3091.6,3095.8,684.0
CFFEX.IH2209,2022-02-21 10:00:00,3095.8,3101.0,3091.2,3092.2,362.0
CFFEX.IH2209,2022-02-21 11:00:00,3092.2,3096.2,3089.2,3094.6,118.0
CFFEX.IH2209,2022-02-21 13:00:00,3093.0,3103.4,3091.2,3095.0,329.0
CFFEX.IH2209,2022-02-21 14:00:00,3095.0,3110.8,3092.0,3110.0,421.0
CFFEX.IH2209,2022-02-22 09:00:00,3088.0,3090.0,3055.2,3055.6,916.0
CFFEX.IH2209,2022-02-22 10:00:00,3055.6,3063.8,3050.2,3058.8,756.0
CFFEX.IH2209,2022-02-22 11:00:00,3058.8,3061.4,3055.0,3057.6,125.0
CFFEX.IH2209,2022-02-22 13:00:00,3058.8,3071.4,3056.4,3063.2,312.0
CFFEX.IH2209,2022-02-22 14:00:00,3063.2,3070.0,3060.0,3065.2,581.0
CFFEX.IH2209,2022-02-23 09:00:00,3074.0,3082.2,3059.8,3064.0,667.0
CFFEX.IH2209,2022-02-23 10:00:00,3064.0,3075.4,3062.4,3074.0,328.0
CFFEX.IH2209,2022-02-23 11:00:00,3074.0,3077.8,3069.4,3071.4,206.0
CFFEX.IH2209,2022-02-23 13:00:00,3072.0,3085.0,3071.0,3078.8,348.0
CFFEX.IH2209,2022-02-23 14:00:00,3078.8,3088.0,3078.4,3085.8,429.0
CFFEX.IH2209,2022-02-24 09:00:00,3072.0,3072.0,3063.0,3066.2,503.0
CFFEX.IH2209,2022-02-24 10:00:00,3066.2,3070.2,3057.0,3057.4,537.0
CFFEX.IH2209,2022-02-24 11:00:00,3057.4,3058.4,3047.2,3047.4,473.0
CFFEX.IH2209,2022-02-24 13:00:00,3043.0,3043.8,3019.0,3024.2,1647.0
CFFEX.IH2209,2022-02-24 14:00:00,3024.2,3032.6,3008.8,3030.0,935.0
CFFEX.IH2209,2022-02-25 09:00:00,3051.0,3070.2,3050.0,3070.2,804.0
CFFEX.IH2209,2022-02-25 10:00:00,3070.2,3078.0,3061.4,3062.8,484.0
CFFEX.IH2209,2022-02-25 11:00:00,3062.8,3062.8,3043.0,3045.0,430.0
CFFEX.IH2209,2022-02-25 13:00:00,3048.4,3053.8,3040.0,3041.0,352.0
CFFEX.IH2209,2022-02-25 14:00:00,3041.0,3043.8,3033.0,3042.0,450.0
CFFEX.IH2209,2022-02-28 09:00:00,3038.0,3049.6,3019.2,3026.4,805.0
CFFEX.IH2209,2022-02-28 10:00:00,3026.4,3040.0,3023.8,3029.8,412.0
CFFEX.IH2209,2022-02-28 11:00:00,3029.8,3041.2,3028.0,3039.0,242.0
CFFEX.IH2209,2022-02-28 13:00:00,3039.0,3046.4,3031.8,3044.2,356.0
CFFEX.IH2209,2022-02-28 14:00:00,3044.2,3048.8,3040.0,3047.4,213.0
CFFEX.IH2209,2022-03-01 09:00:00,3065.0,3085.6,3065.0,3074.0,977.0
CFFEX.IH2209,2022-03-01 10:00:00,3074.0,3081.6,3070.0,3075.4,371.0
CFFEX.IH2209,2022-03-01 11:00:00,3075.4,3081.2,3073.0,3073.2,127.0
CFFEX.IH2209,2022-03-01 13:00:00,3073.2,3079.8,3069.0,3076.6,351.0
CFFEX.IH2209,2022-03-01 14:00:00,3076.6,3101.4,3074.0,3095.4,752.0
CFFEX.IH2209,2022-03-02 09:00:00,3081.2,3088.0,3073.2,3077.0,738.0
CFFEX.IH2209,2022-03-02 10:00:00,3077.0,3083.4,3072.2,3080.8,491.0
CFFEX.IH2209,2022-03-02 11:00:00,3080.8,3081.4,3075.0,3076.0,150.0
CFFEX.IH2209,2022-03-02 13:00:00,3076.8,3083.6,3075.0,3078.0,435.0
CFFEX.IH2209,2022-03-02 14:00:00,3078.0,3087.6,3077.2,3081.2,502.0
CFFEX.IH2209,2022-03-03 09:00:00,3098.4,3101.2,3084.0,3086.8,637.0
CFFEX.IH2209,2022-03-03 10:00:00,3086.8,3090.4,3078.4,3084.6,516.0
CFFEX.IH2209,2022-03-03 11:00:00,3084.6,3088.8,3080.8,3083.8,170.0
CFFEX.IH2209,2022-03-03 13:00:00,3084.8,3084.8,3066.2,3075.0,712.0
CFFEX.IH2209,2022-03-03 14:00:00,3075.0,3081.8,3071.0,3074.4,506.0
CFFEX.IH2209,2022-03-04 09:00:00,3051.4,3051.4,3030.6,3036.0,1322.0
CFFEX.IH2209,2022-03-04 10:00:00,3036.0,3056.0,3033.0,3048.6,536.0
CFFEX.IH2209,2022-03-04 11:00:00,3048.6,3050.6,3040.6,3040.6,168.0
CFFEX.IH2209,2022-03-04 13:00:00,3036.4,3047.6,3032.6,3042.0,755.0
CFFEX.IH2209,2022-03-04 14:00:00,3042.0,3047.0,3034.2,3045.6,670.0
CFFEX.IH2209,2022-03-07 09:00:00,3022.2,3023.0,2974.0,2980.4,1967.0
CFFEX.IH2209,2022-03-07 10:00:00,2980.4,2993.0,2978.4,2983.6,633.0
CFFEX.IH2209,2022-03-07 11:00:00,2983.6,2984.6,2971.0,2982.0,384.0
CFFEX.IH2209,2022-03-07 13:00:00,2980.0,2984.0,2964.4,2969.8,810.0
CFFEX.IH2209,2022-03-07 14:00:00,2969.8,2972.8,2946.8,2955.0,1066.0
CFFEX.IH2209,2022-03-08 09:00:00,2965.6,2986.0,2965.6,2968.6,1805.0
CFFEX.IH2209,2022-03-08 10:00:00,2968.6,2972.0,2945.2,2948.4,1455.0
CFFEX.IH2209,2022-03-08 11:00:00,2948.4,2951.0,2912.4,2937.6,1263.0
CFFEX.IH2209,2022-03-08 13:00:00,2939.0,2961.0,2932.2,2955.8,703.0
CFFEX.IH2209,2022-03-08 14:00:00,2955.8,2955.8,2891.0,2907.8,1488.0
CFFEX.IH2209,2022-03-09 09:00:00,2925.0,2946.0,2915.2,2933.0,1552.0
CFFEX.IH2209,2022-03-09 10:00:00,2933.0,2934.0,2914.2,2916.8,1099.0
CFFEX.IH2209,2022-03-09 11:00:00,2916.8,2927.8,2896.0,2896.0,575.0
CFFEX.IH2209,2022-03-09 13:00:00,2900.0,2904.2,2751.0,2837.0,3589.0
CFFEX.IH2209,2022-03-09 14:00:00,2837.0,2894.2,2810.0,2875.0,1363.0
CFFEX.IH2209,2022-03-10 09:00:00,2922.2,2937.8,2914.8,2921.4,1672.0
CFFEX.IH2209,2022-03-10 10:00:00,2921.4,2930.4,2918.0,2924.6,564.0
CFFEX.IH2209,2022-03-10 11:00:00,2924.6,2932.0,2922.0,2922.2,235.0
CFFEX.IH2209,2022-03-10 13:00:00,2921.8,2922.0,2892.2,2899.0,962.0
CFFEX.IH2209,2022-03-10 14:00:00,2899.0,2909.8,2893.4,2893.8,515.0
CFFEX.IH2209,2022-03-11 09:00:00,2860.8,2864.2,2832.0,2859.8,1687.0
CFFEX.IH2209,2022-03-11 10:00:00,2859.8,2870.8,2825.4,2834.8,1755.0
CFFEX.IH2209,2022-03-11 11:00:00,2834.8,2841.0,2818.0,2822.0,459.0
CFFEX.IH2209,2022-03-11 13:00:00,2823.4,2875.2,2805.0,2868.0,1345.0
CFFEX.IH2209,2022-03-11 14:00:00,2868.0,2908.2,2858.2,2908.0,1076.0
CFFEX.IH2209,2022-03-14 09:00:00,2870.0,2880.0,2847.2,2877.4,1357.0
CFFEX.IH2209,2022-03-14 10:00:00,2877.4,2878.8,2840.0,2842.0,821.0
CFFEX.IH2209,2022-03-14 11:00:00,2842.0,2851.2,2830.0,2846.4,519.0
CFFEX.IH2209,2022-03-14 13:00:00,2844.4,2854.6,2827.2,2829.8,1102.0
CFFEX.IH2209,2022-03-14 14:00:00,2829.8,2844.0,2806.0,2806.6,1619.0
CFFEX.IH2209,2022-03-15 09:00:00,2769.0,2770.0,2694.2,2727.4,2884.0
CFFEX.IH2209,2022-03-15 10:00:00,2727.4,2782.2,2726.0,2747.8,1492.0
CFFEX.IH2209,2022-03-15 11:00:00,2747.8,2755.8,2723.8,2726.4,463.0
CFFEX.IH2209,2022-03-15 13:00:00,2724.2,2727.0,2681.0,2686.0,1748.0
CFFEX.IH2209,2022-03-15 14:00:00,2686.0,2708.0,2600.0,2603.4,3355.0
CFFEX.IH2209,2022-03-16 09:00:00,2660.0,2690.2,2646.2,2687.6,2385.0
CFFEX.IH2209,2022-03-16 10:00:00,2687.6,2687.6,2648.0,2658.0,1558.0
CFFEX.IH2209,2022-03-16 11:00:00,2658.0,2688.0,2639.2,2684.8,1021.0
CFFEX.IH2209,2022-03-16 13:00:00,2684.8,2783.8,2684.8,2764.0,2706.0
CFFEX.IH2209,2022-03-16 14:00:00,2764.0,2792.0,2764.0,2782.8,1195.0
CFFEX.IH2209,2022-03-17 09:00:00,2830.0,2849.0,2807.4,2811.6,2229.0
CFFEX.IH2209,2022-03-17 10:00:00,2811.6,2824.8,2804.8,2819.2,1383.0
CFFEX.IH2209,2022-03-17 11:00:00,2819.2,2849.0,2816.2,2846.6,823.0
CFFEX.IH2209,2022-03-17 13:00:00,2849.0,2855.0,2827.0,2833.0,1626.0
CFFEX.IH2209,2022-03-17 14:00:00,2833.0,2833.4,2800.0,2807.6,1983.0
CFFEX.IH2209,2022-03-18 09:00:00,2800.4,2821.2,2792.6,2810.0,1187.0
CFFEX.IH2209,2022-03-18 10:00:00,2810.0,2818.0,2802.2,2811.0,789.0
CFFEX.IH2209,2022-03-18 11:00:00,2811.0,2812.8,2797.6,2803.2,493.0
CFFEX.IH2209,2022-03-18 13:00:00,2803.6,2876.8,2801.6,2876.8,2078.0
CFFEX.IH2209,2022-03-18 14:00:00,2876.8,2877.6,2858.2,2861.8,1182.0
CFFEX.IH2209,2022-03-21 09:00:00,2862.4,2866.0,2840.0,2851.8,1320.0
CFFEX.IH2209,2022-03-21 10:00:00,2851.8,2857.8,2838.2,2841.6,696.0
CFFEX.IH2209,2022-03-21 11:00:00,2841.6,2849.0,2835.0,2836.8,431.0
CFFEX.IH2209,2022-03-21 13:00:00,2837.0,2838.0,2803.2,2817.4,1640.0
CFFEX.IH2209,2022-03-21 14:00:00,2817.4,2835.8,2817.4,2826.4,831.0
CFFEX.IH2209,2022-03-22 09:00:00,2826.6,2852.0,2822.6,2836.2,945.0
CFFEX.IH2209,2022-03-22 10:00:00,2836.2,2843.2,2828.4,2839.0,1175.0
CFFEX.IH2209,2022-03-22 11:00:00,2839.0,2849.4,2830.2,2840.8,526.0
CFFEX.IH2209,2022-03-22 13:00:00,2838.0,2859.0,2834.8,2838.4,1169.0
CFFEX.IH2209,2022-03-22 14:00:00,2838.4,2841.8,2828.0,2832.4,944.0
CFFEX.IH2209,2022-03-23 09:00:00,2844.0,2848.2,2827.8,2838.6,781.0
CFFEX.IH2209,2022-03-23 10:00:00,2838.6,2854.4,2837.8,2849.0,821.0
CFFEX.IH2209,2022-03-23 11:00:00,2849.0,2853.6,2824.2,2829.8,824.0
CFFEX.IH2209,2022-03-23 13:00:00,2833.0,2860.6,2828.6,2846.8,1368.0
CFFEX.IH2209,2022-03-23 14:00:00,2846.8,2856.0,2838.8,2847.8,938.0
CFFEX.IH2209,2022-03-24 09:00:00,2828.0,2837.4,2821.4,2830.4,793.0
CFFEX.IH2209,2022-03-24 10:00:00,2830.4,2841.4,2820.2,2834.8,1018.0
CFFEX.IH2209,2022-03-24 11:00:00,2834.8,2839.8,2830.8,2836.8,181.0
CFFEX.IH2209,2022-03-24 13:00:00,2836.8,2857.0,2829.6,2846.2,869.0
CFFEX.IH2209,2022-03-24 14:00:00,2846.2,2853.4,2835.0,2835.8,746.0
CFFEX.IH2209,2022-03-25 09:00:00,2835.8,2852.0,2831.2,2847.4,717.0
CFFEX.IH2209,2022-03-25 10:00:00,2847.4,2848.0,2837.0,2841.0,549.0
CFFEX.IH2209,2022-03-25 11:00:00,2841.0,2841.4,2821.2,2823.8,613.0
CFFEX.IH2209,2022-03-25 13:00:00,2822.6,2825.0,2794.2,2802.4,1647.0
CFFEX.IH2209,2022-03-25 14:00:00,2802.4,2814.0,2792.0,2792.0,786.0
CFFEX.IH2209,2022-03-28 09:00:00,2768.0,2772.2,2739.8,2760.8,1670.0
CFFEX.IH2209,2022-03-28 10:00:00,2760.8,2799.0,2758.2,2795.4,1687.0
CFFEX.IH2209,2022-03-28 11:00:00,2795.4,2813.2,2785.8,2788.2,598.0
CFFEX.IH2209,2022-03-28 13:00:00,2790.0,2803.4,2788.0,2800.0,585.0
CFFEX.IH2209,2022-03-28 14:00:00,2800.0,2807.6,2788.6,2797.8,648.0
CFFEX.IH2209,2022-03-29 09:00:00,2807.0,2823.0,2801.4,2813.8,993.0
CFFEX.IH2209,2022-03-29 10:00:00,2813.8,2813.8,2793.2,2801.8,844.0
CFFEX.IH2209,2022-03-29 11:00:00,2801.8,2803.6,2789.6,2789.8,276.0
CFFEX.IH2209,2022-03-29 13:00:00,2791.2,2806.6,2783.4,2800.0,852.0
CFFEX.IH2209,2022-03-29 14:00:00,2800.0,2801.4,2784.8,2785.0,632.0
CFFEX.IH2209,2022-03-30 09:00:00,2809.8,2825.0,2807.4,2815.6,1055.0
CFFEX.IH2209,2022-03-30 10:00:00,2815.6,2829.8,2811.8,2816.6,868.0
CFFEX.IH2209,2022-03-30 11:00:00,2816.6,2840.0,2813.6,2840.0,550.0
CFFEX.IH2209,2022-03-30 13:00:00,2841.0,2859.8,2837.2,2857.0,1121.0
CFFEX.IH2209,2022-03-30 14:00:00,2857.0,2871.8,2856.0,2871.8,1099.0
CFFEX.IH2209,2022-03-31 09:00:00,2861.0,2867.8,2850.4,2853.8,888.0
CFFEX.IH2209,2022-03-31 10:00:00,2853.8,2863.8,2848.8,2852.2,1058.0
CFFEX.IH2209,2022-03-31 11:00:00,2852.2,2857.8,2850.0,2857.0,242.0
CFFEX.IH2209,2022-03-31 13:00:00,2856.0,2860.0,2851.6,2853.0,509.0
CFFEX.IH2209,2022-03-31 14:00:00,2853.0,2861.0,2853.0,2855.0,661.0
CFFEX.IH2209,2022-04-01 09:00:00,2840.8,2855.6,2832.0,2854.4,1200.0
CFFEX.IH2209,2022-04-01 10:00:00,2854.4,2911.6,2852.6,2901.8,2126.0
CFFEX.IH2209,2022-04-01 11:00:00,2901.8,2906.0,2891.4,2891.4,491.0
CFFEX.IH2209,2022-04-01 13:00:00,2891.0,2897.0,2883.8,2890.0,730.0
CFFEX.IH2209,2022-04-01 14:00:00,2890.0,2900.0,2885.0,2897.6,735.0
CFFEX.IH2209,2022-04-06 09:00:00,2885.2,2894.4,2876.4,2887.8,1124.0
CFFEX.IH2209,2022-04-06 10:00:00,2887.8,2887.8,2861.4,2870.8,1200.0
CFFEX.IH2209,2022-04-06 11:00:00,2870.8,2878.0,2868.0,2876.0,300.0
CFFEX.IH2209,2022-04-06 13:00:00,2878.2,2887.0,2872.4,2876.0,642.0
CFFEX.IH2209,2022-04-06 14:00:00,2876.0,2878.0,2863.8,2876.2,604.0
CFFEX.IH2209,2022-04-07 09:00:00,2862.6,2896.0,2859.0,2882.6,1582.0
CFFEX.IH2209,2022-04-07 10:00:00,2882.6,2883.6,2866.4,2878.6,971.0
CFFEX.IH2209,2022-04-07 11:00:00,2878.6,2882.8,2860.4,2860.4,481.0
CFFEX.IH2209,2022-04-07 13:00:00,2860.2,2866.2,2848.0,2863.0,1111.0
CFFEX.IH2209,2022-04-07 14:00:00,2863.0,2871.6,2849.2,2850.0,729.0
CFFEX.IH2209,2022-04-08 09:00:00,2852.4,2866.8,2852.4,2864.0,930.0
CFFEX.IH2209,2022-04-08 10:00:00,2864.0,2871.0,2845.4,2863.2,1370.0
CFFEX.IH2209,2022-04-08 11:00:00,2863.2,2870.2,2861.0,2864.6,364.0
CFFEX.IH2209,2022-04-08 13:00:00,2864.6,2884.0,2862.6,2878.8,892.0
CFFEX.IH2209,2022-04-08 14:00:00,2878.8,2881.8,2872.8,2880.6,573.0
CFFEX.IH2209,2022-04-11 09:00:00,2862.0,2862.0,2822.6,2828.0,1990.0
CFFEX.IH2209,2022-04-11 10:00:00,2828.0,2833.0,2792.4,2804.0,1891.0
CFFEX.IH2209,2022-04-11 11:00:00,2804.0,2817.8,2800.6,2814.6,379.0
CFFEX.IH2209,2022-04-11 13:00:00,2816.0,2817.4,2799.0,2815.6,595.0
CFFEX.IH2209,2022-04-11 14:00:00,2815.6,2816.0,2793.4,2803.0,770.0
CFFEX.IH2209,2022-04-12 09:00:00,2815.0,2818.4,2799.0,2809.2,1619.0
CFFEX.IH2209,2022-04-12 10:00:00,2809.2,2814.6,2800.2,2805.0,843.0
CFFEX.IH2209,2022-04-12 11:00:00,2805.0,2810.6,2792.8,2794.2,526.0
CFFEX.IH2209,2022-04-12 13:00:00,2798.0,2856.0,2784.6,2846.2,2868.0
CFFEX.IH2209,2022-04-12 14:00:00,2846.2,2850.4,2839.8,2847.2,1075.0
CFFEX.IH2209,2022-04-13 09:00:00,2834.8,2845.4,2829.0,2845.4,1383.0
CFFEX.IH2209,2022-04-13 10:00:00,2845.4,2852.0,2838.4,2847.2,1110.0
CFFEX.IH2209,2022-04-13 11:00:00,2847.2,2853.2,2843.0,2843.8,791.0
CFFEX.IH2209,2022-04-13 13:00:00,2843.8,2870.0,2842.2,2867.0,1218.0
CFFEX.IH2209,2022-04-13 14:00:00,2867.0,2867.6,2840.0,2845.0,1044.0
CFFEX.IH2209,2022-04-14 09:00:00,2867.2,2873.6,2861.6,2866.2,1169.0
CFFEX.IH2209,2022-04-14 10:00:00,2866.2,2892.6,2865.8,2881.6,1967.0
CFFEX.IH2209,2022-04-14 11:00:00,2881.6,2891.6,2878.8,2885.4,725.0
CFFEX.IH2209,2022-04-14 13:00:00,2885.4,2911.4,2885.4,2909.8,1995.0
CFFEX.IH2209,2022-04-14 14:00:00,2909.8,2914.4,2895.0,2899.0,1734.0
CFFEX.IH2209,2022-04-15 09:00:00,2882.2,2905.0,2880.2,2897.4,1793.0
CFFEX.IH2209,2022-04-15 10:00:00,2897.4,2911.8,2896.2,2900.0,1160.0
CFFEX.IH2209,2022-04-15 11:00:00,2900.0,2903.4,2893.6,2901.6,628.0
CFFEX.IH2209,2022-04-15 13:00:00,2901.6,2916.0,2896.6,2907.4,1422.0
CFFEX.IH2209,2022-04-15 14:00:00,2907.4,2914.4,2896.0,2900.6,2056.0
CFFEX.IH2209,2022-04-18 09:00:00,2872.2,2877.6,2847.2,2860.2,2274.0
CFFEX.IH2209,2022-04-18 10:00:00,2860.2,2866.2,2845.4,2853.8,2251.0
CFFEX.IH2209,2022-04-18 11:00:00,2853.8,2858.8,2840.4,2847.0,779.0
CFFEX.IH2209,2022-04-18 13:00:00,2847.6,2854.6,2836.8,2847.6,1876.0
CFFEX.IH2209,2022-04-18 14:00:00,2847.6,2855.8,2838.4,2854.6,1269.0
CFFEX.IH2209,2022-04-19 09:00:00,2852.8,2867.4,2835.2,2835.2,1902.0
CFFEX.IH2209,2022-04-19 10:00:00,2835.2,2845.4,2835.2,2838.0,1446.0
CFFEX.IH2209,2022-04-19 11:00:00,2838.0,2843.2,2827.2,2838.6,1167.0
CFFEX.IH2209,2022-04-19 13:00:00,2840.0,2841.6,2814.2,2819.6,1816.0
CFFEX.IH2209,2022-04-19 14:00:00,2819.6,2822.8,2803.8,2822.2,2943.0
CFFEX.IH2209,2022-04-20 09:00:00,2828.8,2828.8,2793.2,2796.2,1544.0
CFFEX.IH2209,2022-04-20 10:00:00,2796.2,2823.8,2792.6,2823.2,2232.0
CFFEX.IH2209,2022-04-20 11:00:00,2823.2,2830.0,2820.4,2824.0,726.0
CFFEX.IH2209,2022-04-20 13:00:00,2823.0,2826.0,2800.0,2807.0,1456.0
CFFEX.IH2209,2022-04-20 14:00:00,2807.0,2809.0,2791.2,2794.6,1580.0
CFFEX.IH2209,2022-04-21 09:00:00,2790.0,2811.4,2786.0,2799.0,1481.0
CFFEX.IH2209,2022-04-21 10:00:00,2799.0,2807.4,2788.8,2795.4,1502.0
CFFEX.IH2209,2022-04-21 11:00:00,2795.4,2796.0,2766.0,2771.8,1073.0
CFFEX.IH2209,2022-04-21 13:00:00,2771.8,2805.6,2766.0,2772.8,2589.0
CFFEX.IH2209,2022-04-21 14:00:00,2772.8,2778.0,2741.2,2758.4,2809.0
CFFEX.IH2209,2022-04-22 09:00:00,2744.0,2765.2,2732.0,2761.2,2786.0
CFFEX.IH2209,2022-04-22 10:00:00,2761.2,2777.8,2756.2,2758.2,2276.0
CFFEX.IH2209,2022-04-22 11:00:00,2758.2,2776.4,2756.8,2765.8,506.0
CFFEX.IH2209,2022-04-22 13:00:00,2766.6,2781.8,2759.2,2778.0,1549.0
CFFEX.IH2209,2022-04-22 14:00:00,2778.0,2779.0,2763.0,2769.0,1256.0
CFFEX.IH2209,2022-04-25 09:00:00,2708.4,2736.0,2706.0,2719.2,2849.0
CFFEX.IH2209,2022-04-25 10:00:00,2719.2,2726.6,2698.2,2709.8,1752.0
CFFEX.IH2209,2022-04-25 11:00:00,2709.8,2736.6,2705.2,2716.8,1012.0
CFFEX.IH2209,2022-04-25 13:00:00,2713.2,2731.8,2695.0,2695.0,1487.0
CFFEX.IH2209,2022-04-25 14:00:00,2695.0,2704.6,2631.0,2636.8,3019.0
CFFEX.IH2209,2022-04-26 09:00:00,2642.0,2664.8,2631.8,2634.0,2520.0
CFFEX.IH2209,2022-04-26 10:00:00,2634.0,2679.0,2634.0,2668.6,2539.0
CFFEX.IH2209,2022-04-26 11:00:00,2668.6,2689.0,2665.0,2685.4,908.0
CFFEX.IH2209,2022-04-26 13:00:00,2683.6,2683.6,2659.0,2661.8,1402.0
CFFEX.IH2209,2022-04-26 14:00:00,2661.8,2662.0,2628.0,2638.6,2777.0
CFFEX.IH2209,2022-04-27 09:00:00,2637.2,2683.8,2637.0,2670.4,2739.0
CFFEX.IH2209,2022-04-27 10:00:00,2670.4,2683.8,2653.2,2681.2,1783.0
CFFEX.IH2209,2022-04-27 11:00:00,2681.2,2681.2,2659.2,2673.0,661.0
CFFEX.IH2209,2022-04-27 13:00:00,2673.4,2693.6,2671.6,2678.6,2363.0
CFFEX.IH2209,2022-04-27 14:00:00,2678.6,2687.0,2670.0,2686.0,1108.0
CFFEX.IH2209,2022-04-28 09:00:00,2680.0,2697.2,2678.0,2695.2,1839.0
CFFEX.IH2209,2022-04-28 10:00:00,2695.2,2719.4,2695.2,2711.6,2166.0
CFFEX.IH2209,2022-04-28 11:00:00,2711.6,2722.2,2705.2,2706.6,860.0
CFFEX.IH2209,2022-04-28 13:00:00,2706.6,2710.0,2691.4,2705.4,1706.0
CFFEX.IH2209,2022-04-28 14:00:00,2705.4,2725.0,2702.4,2721.4,1383.0
CFFEX.IH2209,2022-04-29 09:00:00,2729.0,2737.2,2702.2,2703.0,1935.0
CFFEX.IH2209,2022-04-29 10:00:00,2703.0,2716.0,2696.8,2703.0,1906.0
CFFEX.IH2209,2022-04-29 11:00:00,2703.0,2710.6,2698.2,2705.2,453.0
CFFEX.IH2209,2022-04-29 13:00:00,2713.0,2776.4,2713.0,2755.0,3682.0
CFFEX.IH2209,2022-04-29 14:00:00,2755.0,2768.6,2750.4,2766.4,1886.0
CFFEX.IH2209,2022-05-05 09:00:00,2760.0,2785.0,2760.0,2764.0,1647.0
CFFEX.IH2209,2022-05-05 10:00:00,2764.0,2767.2,2753.8,2759.8,1214.0
CFFEX.IH2209,2022-05-05 11:00:00,2759.8,2770.0,2758.2,2767.6,652.0
CFFEX.IH2209,2022-05-05 13:00:00,2769.0,2769.6,2754.2,2759.8,998.0
CFFEX.IH2209,2022-05-05 14:00:00,2759.8,2761.6,2751.6,2752.6,597.0
CFFEX.IH2209,2022-05-06 09:00:00,2716.0,2724.0,2705.2,2706.2,2448.0
CFFEX.IH2209,2022-05-06 10:00:00,2706.2,2708.4,2690.2,2692.6,2459.0
CFFEX.IH2209,2022-05-06 11:00:00,2692.6,2694.8,2672.0,2672.0,1265.0
CFFEX.IH2209,2022-05-06 13:00:00,2672.8,2686.4,2668.4,2676.0,1483.0
CFFEX.IH2209,2022-05-06 14:00:00,2676.0,2680.6,2667.8,2671.2,1282.0
CFFEX.IH2209,2022-05-09 09:00:00,2663.0,2669.0,2645.2,2661.6,1551.0
CFFEX.IH2209,2022-05-09 10:00:00,2661.6,2665.8,2647.0,2652.4,1121.0
CFFEX.IH2209,2022-05-09 11:00:00,2652.4,2654.2,2641.2,2649.0,639.0
CFFEX.IH2209,2022-05-09 13:00:00,2649.0,2653.6,2626.0,2631.0,1986.0
CFFEX.IH2209,2022-05-09 14:00:00,2631.0,2647.8,2625.0,2643.0,1739.0
CFFEX.IH2209,2022-05-10 09:00:00,2605.6,2637.2,2593.0,2626.4,2776.0
CFFEX.IH2209,2022-05-10 10:00:00,2626.4,2682.8,2626.4,2656.6,3471.0
CFFEX.IH2209,2022-05-10 11:00:00,2656.6,2662.4,2645.0,2648.8,803.0
CFFEX.IH2209,2022-05-10 13:00:00,2649.0,2692.2,2649.0,2673.4,2409.0
CFFEX.IH2209,2022-05-10 14:00:00,2673.4,2674.4,2665.8,2672.4,898.0
CFFEX.IH2209,2022-05-11 09:00:00,2673.2,2684.6,2671.4,2679.0,1897.0
CFFEX.IH2209,2022-05-11 10:00:00,2679.0,2707.2,2678.0,2705.2,2991.0
CFFEX.IH2209,2022-05-11 11:00:00,2705.2,2709.6,2697.4,2705.2,996.0
CFFEX.IH2209,2022-05-11 13:00:00,2705.2,2722.6,2705.2,2712.0,2895.0
CFFEX.IH2209,2022-05-11 14:00:00,2712.0,2714.2,2687.2,2689.0,2652.0
CFFEX.IH2209,2022-05-12 09:00:00,2680.8,2694.2,2675.0,2675.2,1843.0
CFFEX.IH2209,2022-05-12 10:00:00,2675.2,2693.4,2673.0,2679.0,1811.0
CFFEX.IH2209,2022-05-12 11:00:00,2679.0,2686.0,2674.0,2686.0,432.0
CFFEX.IH2209,2022-05-12 13:00:00,2683.4,2692.0,2666.0,2670.4,1784.0
CFFEX.IH2209,2022-05-12 14:00:00,2670.4,2679.2,2667.2,2670.0,1291.0
CFFEX.IH2209,2022-05-13 09:00:00,2695.0,2710.6,2691.0,2707.8,2703.0
CFFEX.IH2209,2022-05-13 10:00:00,2707.8,2713.6,2688.8,2692.4,1607.0
CFFEX.IH2209,2022-05-13 11:00:00,2692.4,2698.0,2685.8,2696.2,535.0
CFFEX.IH2209,2022-05-13 13:00:00,2697.0,2698.4,2683.6,2693.8,1233.0
CFFEX.IH2209,2022-05-13 14:00:00,2693.8,2701.8,2691.2,2700.2,1356.0
CFFEX.IH2209,2022-05-16 09:00:00,2718.2,2722.0,2685.0,2687.4,2147.0
CFFEX.IH2209,2022-05-16 10:00:00,2687.4,2688.4,2670.0,2676.6,2182.0
CFFEX.IH2209,2022-05-16 11:00:00,2676.6,2679.8,2665.4,2668.0,820.0
CFFEX.IH2209,2022-05-16 13:00:00,2672.0,2678.4,2661.0,2674.0,1381.0
CFFEX.IH2209,2022-05-16 14:00:00,2674.0,2675.2,2664.0,2669.8,1298.0
CFFEX.IH2209,2022-05-17 09:00:00,2681.2,2692.4,2677.4,2688.0,1661.0
CFFEX.IH2209,2022-05-17 10:00:00,2688.0,2703.6,2682.0,2698.6,1814.0
CFFEX.IH2209,2022-05-17 11:00:00,2698.6,2705.2,2696.0,2701.0,643.0
CFFEX.IH2209,2022-05-17 13:00:00,2701.2,2705.4,2695.0,2699.8,1062.0
CFFEX.IH2209,2022-05-17 14:00:00,2699.8,2706.8,2695.4,2706.0,1169.0
CFFEX.IH2209,2022-05-18 09:00:00,2713.2,2713.2,2683.4,2690.0,1844.0
CFFEX.IH2209,2022-05-18 10:00:00,2690.0,2691.8,2670.0,2675.4,1686.0
CFFEX.IH2209,2022-05-18 11:00:00,2675.4,2683.0,2674.4,2680.6,521.0
CFFEX.IH2209,2022-05-18 13:00:00,2680.6,2706.6,2680.4,2705.4,1923.0
CFFEX.IH2209,2022-05-18 14:00:00,2705.4,2715.0,2696.0,2697.0,1530.0
CFFEX.IH2209,2022-05-19 09:00:00,2670.2,2681.0,2668.0,2672.6,2249.0
CFFEX.IH2209,2022-05-19 10:00:00,2672.6,2686.4,2670.4,2681.0,1940.0
CFFEX.IH2209,2022-05-19 11:00:00,2681.0,2698.2,2678.8,2692.6,1010.0
CFFEX.IH2209,2022-05-19 13:00:00,2692.4,2704.8,2678.2,2685.8,1830.0
CFFEX.IH2209,2022-05-19 14:00:00,2685.8,2695.8,2683.2,2695.4,1105.0
CFFEX.IH2209,2022-05-20 09:00:00,2718.0,2760.0,2714.4,2747.8,4149.0
CFFEX.IH2209,2022-05-20 10:00:00,2747.8,2752.0,2731.2,2743.6,2510.0
CFFEX.IH2209,2022-05-20 11:00:00,2743.6,2746.0,2731.0,2746.0,721.0
CFFEX.IH2209,2022-05-20 13:00:00,2748.6,2758.2,2742.6,2746.2,2044.0
CFFEX.IH2209,2022-05-20 14:00:00,2746.2,2768.0,2745.8,2767.2,2875.0
CFFEX.IH2209,2022-05-23 09:00:00,2771.6,2771.6,2744.0,2745.0,2369.0
CFFEX.IH2209,2022-05-23 10:00:00,2745.0,2748.0,2720.4,2728.2,4015.0
CFFEX.IH2209,2022-05-23 11:00:00,2728.2,2729.6,2720.2,2721.0,651.0
CFFEX.IH2209,2022-05-23 13:00:00,2720.0,2735.0,2715.4,2734.2,2029.0
CFFEX.IH2209,2022-05-23 14:00:00,2734.2,2734.6,2724.0,2725.4,1296.0
CFFEX.IH2209,2022-05-24 09:00:00,2729.0,2732.2,2713.2,2717.0,1838.0
CFFEX.IH2209,2022-05-24 10:00:00,2717.0,2725.0,2710.4,2713.0,1805.0
CFFEX.IH2209,2022-05-24 11:00:00,2713.0,2715.6,2702.0,2704.6,913.0
CFFEX.IH2209,2022-05-24 13:00:00,2701.0,2708.0,2699.0,2703.6,1600.0
CFFEX.IH2209,2022-05-24 14:00:00,2703.6,2706.8,2680.6,2684.2,2576.0
CFFEX.IH2209,2022-05-25 09:00:00,2690.0,2699.4,2685.4,2695.6,1791.0
CFFEX.IH2209,2022-05-25 10:00:00,2695.6,2696.0,2678.8,2680.4,1491.0
CFFEX.IH2209,2022-05-25 11:00:00,2680.4,2688.4,2677.2,2686.0,735.0
CFFEX.IH2209,2022-05-25 13:00:00,2688.4,2692.0,2674.2,2681.0,1603.0
CFFEX.IH2209,2022-05-25 14:00:00,2681.0,2689.2,2675.2,2687.6,2208.0
CFFEX.IH2209,2022-05-26 09:00:00,2689.6,2690.4,2659.0,2661.6,3003.0
CFFEX.IH2209,2022-05-26 10:00:00,2661.6,2684.8,2658.8,2673.6,3003.0
CFFEX.IH2209,2022-05-26 11:00:00,2673.6,2704.0,2668.2,2703.8,1433.0
CFFEX.IH2209,2022-05-26 13:00:00,2702.0,2706.4,2683.2,2685.4,2266.0
CFFEX.IH2209,2022-05-26 14:00:00,2685.4,2689.0,2679.0,2682.6,1316.0
CFFEX.IH2209,2022-05-27 09:00:00,2704.2,2736.8,2704.2,2722.2,3740.0
CFFEX.IH2209,2022-05-27 10:00:00,2722.2,2736.4,2718.0,2719.4,2011.0
CFFEX.IH2209,2022-05-27 11:00:00,2719.4,2725.4,2716.2,2720.4,630.0
CFFEX.IH2209,2022-05-27 13:00:00,2720.4,2728.2,2706.8,2713.8,1845.0
CFFEX.IH2209,2022-05-27 14:00:00,2713.8,2715.2,2697.0,2707.0,2200.0
CFFEX.IH2209,2022-05-30 09:00:00,2724.4,2729.6,2716.0,2720.0,2322.0
CFFEX.IH2209,2022-05-30 10:00:00,2720.0,2736.6,2717.6,2731.8,1765.0
CFFEX.IH2209,2022-05-30 11:00:00,2731.8,2735.0,2711.6,2713.8,1000.0
CFFEX.IH2209,2022-05-30 13:00:00,2717.0,2724.2,2709.4,2713.0,1626.0
CFFEX.IH2209,2022-05-30 14:00:00,2713.0,2720.8,2709.0,2716.0,1137.0
CFFEX.IH2209,2022-05-31 09:00:00,2718.0,2745.0,2711.2,2728.4,3350.0
CFFEX.IH2209,2022-05-31 10:00:00,2728.4,2752.2,2723.0,2750.8,2040.0
CFFEX.IH2209,2022-05-31 11:00:00,2750.8,2756.8,2745.0,2753.6,1345.0
CFFEX.IH2209,2022-05-31 13:00:00,2754.0,2763.0,2750.4,2752.2,2102.0
CFFEX.IH2209,2022-05-31 14:00:00,2752.2,2763.6,2751.0,2753.6,1671.0
CFFEX.IH2209,2022-06-01 09:00:00,2751.6,2756.0,2743.0,2747.6,1645.0
CFFEX.IH2209,2022-06-01 10:00:00,2747.6,2751.8,2741.0,2744.2,1385.0
CFFEX.IH2209,2022-06-01 11:00:00,2744.2,2749.4,2740.0,2747.0,554.0
CFFEX.IH2209,2022-06-01 13:00:00,2745.8,2748.6,2726.2,2732.2,2310.0
CFFEX.IH2209,2022-06-01 14:00:00,2732.2,2740.0,2727.0,2738.0,1643.0
CFFEX.IH2209,2022-06-02 09:00:00,2726.8,2728.0,2716.2,2717.0,2698.0
CFFEX.IH2209,2022-06-02 10:00:00,2717.0,2730.6,2715.2,2720.2,3244.0
CFFEX.IH2209,2022-06-02 11:00:00,2720.2,2726.8,2717.4,2725.8,820.0
CFFEX.IH2209,2022-06-02 13:00:00,2726.6,2728.8,2720.0,2725.4,1260.0
CFFEX.IH2209,2022-06-02 14:00:00,2725.4,2734.4,2723.0,2733.0,2094.0
CFFEX.IH2209,2022-06-06 09:00:00,2733.0,2734.2,2701.0,2715.2,3062.0
CFFEX.IH2209,2022-06-06 10:00:00,2715.2,2759.8,2712.6,2749.0,3882.0
CFFEX.IH2209,2022-06-06 11:00:00,2749.0,2762.0,2743.2,2762.0,1830.0
CFFEX.IH2209,2022-06-06 13:00:00,2761.6,2769.0,2754.0,2762.8,2614.0
CFFEX.IH2209,2022-06-06 14:00:00,2762.8,2770.0,2759.8,2768.6,1851.0
CFFEX.IH2209,2022-06-07 09:00:00,2759.6,2800.0,2756.4,2785.6,4133.0
CFFEX.IH2209,2022-06-07 10:00:00,2785.6,2799.2,2781.8,2799.2,2489.0
CFFEX.IH2209,2022-06-07 11:00:00,2799.2,2811.8,2793.2,2810.2,1397.0
CFFEX.IH2209,2022-06-07 13:00:00,2801.2,2808.0,2789.0,2789.8,1875.0
CFFEX.IH2209,2022-06-07 14:00:00,2789.8,2801.8,2789.2,2790.8,1879.0
CFFEX.IH2209,2022-06-08 09:00:00,2799.8,2812.0,2798.6,2808.8,2438.0
CFFEX.IH2209,2022-06-08 10:00:00,2808.8,2838.0,2808.8,2826.0,4078.0
CFFEX.IH2209,2022-06-08 11:00:00,2826.0,2826.2,2796.2,2801.6,2683.0
CFFEX.IH2209,2022-06-08 13:00:00,2805.0,2811.0,2797.8,2807.6,1565.0
CFFEX.IH2209,2022-06-08 14:00:00,2807.6,2828.8,2804.6,2824.4,2464.0
CFFEX.IH2209,2022-06-09 09:00:00,2819.8,2841.4,2816.0,2825.0,3394.0
CFFEX.IH2209,2022-06-09 10:00:00,2825.0,2833.8,2814.0,2832.2,3438.0
CFFEX.IH2209,2022-06-09 11:00:00,2832.2,2834.4,2816.2,2817.0,1236.0
CFFEX.IH2209,2022-06-09 13:00:00,2817.0,2823.2,2806.2,2811.8,2375.0
CFFEX.IH2209,2022-06-09 14:00:00,2811.8,2819.0,2806.0,2812.2,2797.0
CFFEX.IH2209,2022-06-10 09:00:00,2791.6,2803.6,2790.0,2794.4,2784.0
CFFEX.IH2209,2022-06-10 10:00:00,2794.4,2809.8,2793.0,2809.0,2792.0
CFFEX.IH2209,2022-06-10 11:00:00,2809.0,2819.8,2807.4,2816.2,1701.0
CFFEX.IH2209,2022-06-10 13:00:00,2813.8,2844.0,2809.4,2841.4,3598.0
CFFEX.IH2209,2022-06-10 14:00:00,2841.4,2856.8,2836.6,2845.8,3509.0
CFFEX.IH2209,2022-06-13 09:00:00,2818.4,2821.8,2801.8,2809.8,4540.0
CFFEX.IH2209,2022-06-13 10:00:00,2809.8,2813.0,2773.2,2797.0,5649.0
CFFEX.IH2209,2022-06-13 11:00:00,2797.0,2798.2,2782.4,2787.4,697.0
CFFEX.IH2209,2022-06-13 13:00:00,2787.4,2791.2,2779.0,2782.6,1988.0
CFFEX.IH2209,2022-06-13 14:00:00,2782.6,2794.0,2775.8,2792.0,3086.0
CFFEX.IH2209,2022-06-14 09:00:00,2772.2,2796.4,2766.2,2772.8,3550.0
CFFEX.IH2209,2022-06-14 10:00:00,2772.8,2787.6,2772.0,2775.6,2895.0
CFFEX.IH2209,2022-06-14 11:00:00,2775.6,2779.2,2761.0,2762.8,1850.0
CFFEX.IH2209,2022-06-14 13:00:00,2766.4,2788.6,2765.2,2788.6,5039.0
CFFEX.IH2209,2022-06-14 14:00:00,2788.6,2839.0,2785.2,2838.0,4300.0
CFFEX.IH2209,2022-06-15 09:00:00,2844.8,2865.0,2838.0,2846.0,4819.0
CFFEX.IH2209,2022-06-15 10:00:00,2846.0,2886.0,2844.0,2872.4,6099.0
CFFEX.IH2209,2022-06-15 11:00:00,2872.4,2902.0,2865.4,2899.6,3140.0
CFFEX.IH2209,2022-06-15 13:00:00,2901.8,2932.0,2901.8,2925.6,5993.0
CFFEX.IH2209,2022-06-15 14:00:00,2925.6,2926.0,2873.4,2881.6,5320.0
CFFEX.IH2209,2022-06-16 09:00:00,2890.0,2898.0,2880.4,2888.0,4560.0
CFFEX.IH2209,2022-06-16 10:00:00,2888.0,2892.6,2875.0,2888.0,3266.0
CFFEX.IH2209,2022-06-16 11:00:00,2888.0,2889.6,2876.2,2886.2,1241.0
CFFEX.IH2209,2022-06-16 13:00:00,2880.0,2885.6,2854.2,2856.0,4503.0
CFFEX.IH2209,2022-06-16 14:00:00,2856.0,2865.6,2844.4,2846.0,4151.0
CFFEX.IH2209,2022-06-17 09:00:00,2842.8,2879.8,2839.2,2876.6,4533.0
CFFEX.IH2209,2022-06-17 10:00:00,2876.6,2886.8,2840.6,2849.6,6240.0
CFFEX.IH2209,2022-06-17 11:00:00,2849.6,2876.8,2845.0,2862.2,2841.0
CFFEX.IH2209,2022-06-17 13:00:00,2865.0,2896.8,2864.8,2886.2,4341.0
CFFEX.IH2209,2022-06-17 14:00:00,2886.2,2899.2,2877.6,2891.0,3790.0
CFFEX.IH2209,2022-06-20 09:00:00,2895.0,2895.0,2861.2,2866.8,5568.0
CFFEX.IH2209,2022-06-20 10:00:00,2866.8,2895.0,2858.6,2894.4,4589.0
CFFEX.IH2209,2022-06-20 11:00:00,2894.4,2913.8,2880.6,2886.6,3226.0
CFFEX.IH2209,2022-06-20 13:00:00,2890.0,2894.0,2872.0,2885.6,2592.0
CFFEX.IH2209,2022-06-20 14:00:00,2885.6,2890.8,2875.0,2875.2,2521.0
CFFEX.IH2209,2022-06-21 09:00:00,2877.6,2898.0,2865.0,2894.4,4196.0
CFFEX.IH2209,2022-06-21 10:00:00,2894.4,2904.8,2877.2,2882.4,3967.0
CFFEX.IH2209,2022-06-21 11:00:00,2882.4,2896.0,2881.4,2895.8,1558.0
CFFEX.IH2209,2022-06-21 13:00:00,2896.4,2908.0,2872.6,2876.2,3141.0
CFFEX.IH2209,2022-06-21 14:00:00,2876.2,2896.0,2862.0,2885.2,3949.0
CFFEX.IH2209,2022-06-22 09:00:00,2891.2,2891.2,2876.0,2888.4,3196.0
CFFEX.IH2209,2022-06-22 10:00:00,2888.4,2892.6,2869.2,2873.0,3424.0
CFFEX.IH2209,2022-06-22 11:00:00,2873.0,2875.0,2860.6,2873.2,2083.0
CFFEX.IH2209,2022-06-22 13:00:00,2873.2,2879.6,2863.2,2866.2,2747.0
CFFEX.IH2209,2022-06-22 14:00:00,2866.2,2871.8,2850.8,2853.0,3917.0
CFFEX.IH2209,2022-06-23 09:00:00,2860.4,2883.6,2860.4,2871.6,3986.0
CFFEX.IH2209,2022-06-23 10:00:00,2871.6,2880.0,2864.4,2876.0,2714.0
CFFEX.IH2209,2022-06-23 11:00:00,2876.0,2877.8,2866.6,2870.2,896.0
CFFEX.IH2209,2022-06-23 13:00:00,2872.0,2905.6,2869.8,2898.4,5445.0
CFFEX.IH2209,2022-06-23 14:00:00,2898.4,2902.8,2890.6,2898.0,2346.0
CFFEX.IH2209,2022-06-24 09:00:00,2909.8,2918.8,2905.0,2911.6,3316.0
CFFEX.IH2209,2022-06-24 10:00:00,2911.6,2925.6,2909.2,2915.2,3893.0
CFFEX.IH2209,2022-06-24 11:00:00,2915.2,2922.6,2903.6,2907.0,2622.0
CFFEX.IH2209,2022-06-24 13:00:00,2910.8,2940.0,2910.0,2936.0,3804.0
CFFEX.IH2209,2022-06-24 14:00:00,2936.0,2948.0,2927.4,2938.0,3668.0
CFFEX.IH2209,2022-06-27 09:00:00,2953.8,2983.6,2952.8,2978.0,4609.0
CFFEX.IH2209,2022-06-27 10:00:00,2978.0,3001.0,2971.6,2996.8,4054.0
CFFEX.IH2209,2022-06-27 11:00:00,2996.8,3002.6,2983.0,2986.0,1319.0
CFFEX.IH2209,2022-06-27 13:00:00,2989.4,2992.2,2961.8,2979.0,3898.0
CFFEX.IH2209,2022-06-27 14:00:00,2979.0,2987.6,2970.0,2972.6,2251.0
CFFEX.IH2209,2022-06-28 09:00:00,2971.8,2974.4,2960.2,2964.6,2736.0
CFFEX.IH2209,2022-06-28 10:00:00,2964.6,2974.0,2956.2,2968.8,2249.0
CFFEX.IH2209,2022-06-28 11:00:00,2968.8,2977.6,2965.4,2969.8,1041.0
CFFEX.IH2209,2022-06-28 13:00:00,2971.8,2984.8,2968.2,2978.2,2227.0
CFFEX.IH2209,2022-06-28 14:00:00,2978.2,3012.6,2975.8,3001.4,4328.0
CFFEX.IH2209,2022-06-29 09:00:00,2992.4,3014.4,2991.6,3002.0,3120.0
CFFEX.IH2209,2022-06-29 10:00:00,3002.0,3010.0,2989.4,2992.0,3407.0
CFFEX.IH2209,2022-06-29 11:00:00,2992.0,2997.6,2983.0,2984.2,1582.0
CFFEX.IH2209,2022-06-29 13:00:00,2986.4,2992.2,2976.2,2987.4,2494.0
CFFEX.IH2209,2022-06-29 14:00:00,2987.4,2993.0,2968.8,2976.0,3150.0
CFFEX.IH2209,2022-06-30 09:00:00,2976.4,3003.8,2976.4,2997.0,3243.0
CFFEX.IH2209,2022-06-30 10:00:00,2997.0,3027.6,2994.6,3026.0,3855.0
CFFEX.IH2209,2022-06-30 11:00:00,3026.0,3035.6,3021.6,3034.8,1666.0
CFFEX.IH2209,2022-06-30 13:00:00,3032.6,3053.6,3031.0,3046.0,3952.0
CFFEX.IH2209,2022-06-30 14:00:00,3046.0,3061.8,3023.0,3030.0,4425.0
CFFEX.IH2209,2022-07-01 09:00:00,3042.4,3044.8,3009.8,3013.4,3882.0
CFFEX.IH2209,2022-07-01 10:00:00,3013.4,3032.0,3006.4,3016.8,3637.0
CFFEX.IH2209,2022-07-01 11:00:00,3016.8,3023.6,3014.4,3016.0,904.0
CFFEX.IH2209,2022-07-01 13:00:00,3015.0,3020.4,3004.0,3009.2,3275.0
CFFEX.IH2209,2022-07-01 14:00:00,3009.2,3020.0,3005.2,3016.0,2803.0
CFFEX.IH2209,2022-07-04 09:00:00,3006.0,3011.4,2979.2,3011.2,3622.0
CFFEX.IH2209,2022-07-04 10:00:00,3011.2,3024.8,2997.4,3003.4,2920.0
CFFEX.IH2209,2022-07-04 11:00:00,3003.4,3012.8,3002.2,3012.4,756.0
CFFEX.IH2209,2022-07-04 13:00:00,3012.4,3022.4,3008.2,3010.0,2098.0
CFFEX.IH2209,2022-07-04 14:00:00,3010.0,3023.6,3008.2,3022.8,1629.0
CFFEX.IH2209,2022-07-05 09:00:00,3033.6,3058.0,3022.4,3027.2,4452.0
CFFEX.IH2209,2022-07-05 10:00:00,3027.2,3035.0,2997.2,2997.2,4066.0
CFFEX.IH2209,2022-07-05 11:00:00,2997.2,3010.2,2986.0,3010.2,2525.0
CFFEX.IH2209,2022-07-05 13:00:00,3012.0,3017.0,2991.2,2995.0,2635.0
CFFEX.IH2209,2022-07-05 14:00:00,2995.0,3021.4,2991.0,3020.6,2365.0
CFFEX.IH2209,2022-07-06 09:00:00,3010.0,3015.0,2990.2,2997.4,4178.0
CFFEX.IH2209,2022-07-06 10:00:00,2997.4,3005.0,2976.0,2981.8,3563.0
CFFEX.IH2209,2022-07-06 11:00:00,2981.8,2988.8,2975.0,2979.4,1455.0
CFFEX.IH2209,2022-07-06 13:00:00,2980.6,2981.0,2959.0,2962.6,3236.0
CFFEX.IH2209,2022-07-06 14:00:00,2962.6,2976.2,2953.8,2968.2,4344.0
CFFEX.IH2209,2022-07-07 09:00:00,2963.2,2972.8,2946.0,2959.2,3618.0
CFFEX.IH2209,2022-07-07 10:00:00,2959.2,2974.6,2959.2,2970.8,2494.0
CFFEX.IH2209,2022-07-07 11:00:00,2970.8,2981.6,2963.8,2979.6,1202.0
CFFEX.IH2209,2022-07-07 13:00:00,2979.2,2982.0,2961.0,2968.0,2222.0
CFFEX.IH2209,2022-07-07 14:00:00,2968.0,2970.0,2956.4,2961.6,2598.0
CFFEX.IH2209,2022-07-08 09:00:00,2978.6,2994.4,2971.2,2976.0,3581.0
CFFEX.IH2209,2022-07-08 10:00:00,2976.0,3000.6,2971.2,2975.8,4320.0
CFFEX.IH2209,2022-07-08 11:00:00,2975.8,2985.2,2972.6,2977.8,1219.0
CFFEX.IH2209,2022-07-08 13:00:00,2976.0,2983.4,2965.0,2968.0,2234.0
CFFEX.IH2209,2022-07-08 14:00:00,2968.0,2979.2,2964.2,2965.2,2528.0
CFFEX.IH2209,2022-07-11 09:00:00,2949.8,2949.8,2927.2,2928.2,4372.0
CFFEX.IH2209,2022-07-11 10:00:00,2928.2,2935.0,2913.0,2914.8,4640.0
CFFEX.IH2209,2022-07-11 11:00:00,2914.8,2921.8,2911.2,2913.8,1271.0
CFFEX.IH2209,2022-07-11 13:00:00,2913.8,2923.2,2909.2,2913.0,1989.0
CFFEX.IH2209,2022-07-11 14:00:00,2913.0,2923.0,2907.8,2920.0,2692.0
CFFEX.IH2209,2022-07-12 09:00:00,2923.6,2933.0,2917.6,2921.4,2934.0
CFFEX.IH2209,2022-07-12 10:00:00,2921.4,2930.2,2909.2,2914.0,2337.0
CFFEX.IH2209,2022-07-12 11:00:00,2914.0,2914.0,2892.6,2894.4,3546.0
CFFEX.IH2209,2022-07-12 13:00:00,2895.4,2910.8,2891.4,2904.2,2559.0
CFFEX.IH2209,2022-07-12 14:00:00,2904.2,2909.8,2896.6,2901.4,2949.0
CFFEX.IH2209,2022-07-13 09:00:00,2905.0,2909.0,2896.2,2898.6,2558.0
CFFEX.IH2209,2022-07-13 10:00:00,2898.6,2910.4,2891.0,2908.0,3300.0
CFFEX.IH2209,2022-07-13 11:00:00,2908.0,2912.8,2904.0,2907.6,927.0
CFFEX.IH2209,2022-07-13 13:00:00,2906.2,2909.4,2893.4,2895.4,2515.0
CFFEX.IH2209,2022-07-13 14:00:00,2895.4,2897.2,2880.0,2892.0,3568.0
CFFEX.IH2209,2022-07-14 09:00:00,2887.0,2890.0,2863.6,2883.4,5450.0
CFFEX.IH2209,2022-07-14 10:00:00,2883.4,2888.0,2872.4,2883.2,3643.0
CFFEX.IH2209,2022-07-14 11:00:00,2883.2,2895.8,2881.0,2890.4,2283.0
CFFEX.IH2209,2022-07-14 13:00:00,2892.0,2897.4,2868.0,2873.6,3037.0
CFFEX.IH2209,2022-07-14 14:00:00,2873.6,2873.6,2855.4,2870.8,4737.0
CFFEX.IH2209,2022-07-15 09:00:00,2859.2,2892.0,2859.0,2890.0,4783.0
CFFEX.IH2209,2022-07-15 10:00:00,2890.0,2910.0,2887.2,2900.0,6270.0
CFFEX.IH2209,2022-07-15 11:00:00,2900.0,2900.0,2872.0,2878.2,2023.0
CFFEX.IH2209,2022-07-15 13:00:00,2876.2,2879.4,2850.8,2858.0,4723.0
CFFEX.IH2209,2022-07-15 14:00:00,2858.0,2858.0,2820.0,2820.8,4741.0
CFFEX.IH2209,2022-07-18 09:00:00,2840.0,2846.0,2819.0,2840.6,4564.0
CFFEX.IH2209,2022-07-18 10:00:00,2840.6,2865.4,2834.0,2860.0,4891.0
CFFEX.IH2209,2022-07-18 11:00:00,2860.0,2877.0,2858.0,2875.8,1703.0
CFFEX.IH2209,2022-07-18 13:00:00,2877.2,2879.0,2863.2,2871.0,2924.0
CFFEX.IH2209,2022-07-18 14:00:00,2871.0,2871.4,2860.4,2870.0,2511.0
CFFEX.IH2209,2022-07-19 09:00:00,2865.0,2867.8,2850.0,2850.0,2949.0
CFFEX.IH2209,2022-07-19 10:00:00,2850.0,2859.4,2843.8,2848.8,2970.0
CFFEX.IH2209,2022-07-19 11:00:00,2848.8,2853.6,2838.6,2843.2,1147.0
CFFEX.IH2209,2022-07-19 13:00:00,2842.6,2851.2,2825.4,2848.4,3628.0
CFFEX.IH2209,2022-07-19 14:00:00,2848.4,2866.0,2845.4,2856.8,2653.0
CFFEX.IH2209,2022-07-20 09:00:00,2871.6,2880.8,2866.4,2872.8,3206.0
CFFEX.IH2209,2022-07-20 10:00:00,2872.8,2879.8,2862.2,2864.4,2508.0
CFFEX.IH2209,2022-07-20 11:00:00,2864.4,2869.8,2861.0,2866.4,791.0
CFFEX.IH2209,2022-07-20 13:00:00,2865.6,2871.6,2855.0,2862.4,2704.0
CFFEX.IH2209,2022-07-20 14:00:00,2862.4,2868.0,2858.2,2861.6,2297.0
CFFEX.IH2209,2022-07-21 09:00:00,2852.0,2862.0,2847.4,2849.0,2373.0
CFFEX.IH2209,2022-07-21 10:00:00,2849.0,2852.4,2841.2,2845.8,2876.0
CFFEX.IH2209,2022-07-21 11:00:00,2845.8,2855.4,2844.0,2850.0,960.0
CFFEX.IH2209,2022-07-21 13:00:00,2849.0,2852.2,2844.4,2848.2,1474.0
CFFEX.IH2209,2022-07-21 14:00:00,2848.2,2854.8,2828.6,2828.6,3643.0
CFFEX.IH2209,2022-07-22 09:00:00,2839.0,2873.6,2837.6,2860.4,4992.0
CFFEX.IH2209,2022-07-22 10:00:00,2860.4,2871.0,2850.4,2850.4,3733.0
CFFEX.IH2209,2022-07-22 11:00:00,2850.4,2856.0,2839.2,2841.2,1196.0
CFFEX.IH2209,2022-07-22 13:00:00,2841.2,2848.0,2824.4,2832.0,3452.0
CFFEX.IH2209,2022-07-22 14:00:00,2832.0,2863.8,2828.0,2848.6,4073.0
CFFEX.IH2209,2022-07-25 09:00:00,2848.2,2848.6,2828.0,2831.0,3153.0
CFFEX.IH2209,2022-07-25 10:00:00,2831.0,2838.4,2828.0,2836.4,2257.0
CFFEX.IH2209,2022-07-25 11:00:00,2836.4,2841.6,2827.8,2829.6,1104.0
CFFEX.IH2209,2022-07-25 13:00:00,2830.2,2838.6,2828.4,2836.0,1595.0
CFFEX.IH2209,2022-07-25 14:00:00,2836.0,2847.2,2833.4,2837.6,2367.0
CFFEX.IH2209,2022-07-26 09:00:00,2848.0,2862.0,2841.8,2846.0,3593.0
CFFEX.IH2209,2022-07-26 10:00:00,2846.0,2859.6,2843.8,2853.0,3026.0
CFFEX.IH2209,2022-07-26 11:00:00,2853.0,2864.6,2850.4,2858.4,1667.0
CFFEX.IH2209,2022-07-26 13:00:00,2858.4,2860.6,2847.2,2849.8,2450.0
CFFEX.IH2209,2022-07-26 14:00:00,2849.8,2853.0,2847.6,2850.2,1829.0
CFFEX.IH2209,2022-07-27 09:00:00,2844.4,2844.8,2834.8,2838.4,2436.0
CFFEX.IH2209,2022-07-27 10:00:00,2838.4,2841.2,2826.4,2830.8,2748.0
CFFEX.IH2209,2022-07-27 11:00:00,2830.8,2834.0,2828.0,2831.6,564.0
CFFEX.IH2209,2022-07-27 13:00:00,2832.6,2836.8,2829.2,2833.0,1681.0
CFFEX.IH2209,2022-07-27 14:00:00,2833.0,2839.0,2820.0,2826.4,2581.0
CFFEX.IH2209,2022-07-28 09:00:00,2840.0,2846.8,2833.6,2837.2,3133.0
CFFEX.IH2209,2022-07-28 10:00:00,2837.2,2868.0,2833.0,2860.8,5313.0
CFFEX.IH2209,2022-07-28 11:00:00,2860.8,2862.0,2851.4,2852.2,1017.0
CFFEX.IH2209,2022-07-28 13:00:00,2852.4,2853.0,2831.6,2834.0,3117.0
CFFEX.IH2209,2022-07-28 14:00:00,2834.0,2834.0,2815.2,2822.2,3462.0
CFFEX.IH2209,2022-07-29 09:00:00,2829.6,2853.6,2822.2,2850.2,4136.0
CFFEX.IH2209,2022-07-29 10:00:00,2850.2,2856.0,2802.0,2802.4,5141.0
CFFEX.IH2209,2022-07-29 11:00:00,2802.4,2811.2,2795.8,2795.8,2144.0
CFFEX.IH2209,2022-07-29 13:00:00,2795.0,2810.6,2786.0,2804.0,3691.0
CFFEX.IH2209,2022-07-29 14:00:00,2804.0,2804.4,2780.6,2783.6,3555.0
CFFEX.IH2209,2022-08-01 09:00:00,2778.0,2778.0,2762.0,2777.4,4336.0
CFFEX.IH2209,2022-08-01 10:00:00,2777.4,2788.0,2763.0,2788.0,3437.0
CFFEX.IH2209,2022-08-01 11:00:00,2788.0,2791.0,2781.0,2791.0,1179.0
CFFEX.IH2209,2022-08-01 13:00:00,2789.0,2792.0,2780.2,2783.0,1815.0
CFFEX.IH2209,2022-08-01 14:00:00,2783.0,2784.2,2770.0,2775.8,2450.0
CFFEX.IH2209,2022-08-02 09:00:00,2753.4,2753.4,2711.2,2740.0,6992.0
CFFEX.IH2209,2022-08-02 10:00:00,2740.0,2743.6,2703.2,2714.6,5142.0
CFFEX.IH2209,2022-08-02 11:00:00,2714.6,2720.2,2711.0,2719.0,1588.0
CFFEX.IH2209,2022-08-02 13:00:00,2719.0,2734.4,2717.6,2732.4,2702.0
CFFEX.IH2209,2022-08-02 14:00:00,2732.4,2740.0,2724.6,2730.6,2871.0
CFFEX.IH2209,2022-08-03 09:00:00,2743.0,2754.8,2730.0,2731.0,3815.0
CFFEX.IH2209,2022-08-03 10:00:00,2731.0,2735.8,2712.2,2714.0,3752.0
CFFEX.IH2209,2022-08-03 11:00:00,2714.0,2729.8,2713.6,2723.6,1646.0
CFFEX.IH2209,2022-08-03 13:00:00,2723.6,2733.0,2716.8,2726.0,2196.0
CFFEX.IH2209,2022-08-03 14:00:00,2726.0,2728.2,2706.8,2712.8,3934.0
CFFEX.IH2209,2022-08-04 09:00:00,2728.0,2736.8,2719.0,2731.6,4410.0
CFFEX.IH2209,2022-08-04 10:00:00,2731.6,2746.2,2724.2,2729.2,3266.0
CFFEX.IH2209,2022-08-04 11:00:00,2729.2,2733.6,2724.0,2727.0,938.0
CFFEX.IH2209,2022-08-04 13:00:00,2725.4,2745.4,2721.4,2740.8,4540.0
CFFEX.IH2209,2022-08-04 14:00:00,2740.8,2747.8,2733.2,2739.6,3020.0
CFFEX.IH2209,2022-08-05 09:00:00,2746.0,2754.4,2737.0,2744.4,3450.0
CFFEX.IH2209,2022-08-05 10:00:00,2744.4,2747.6,2736.2,2742.0,1921.0
CFFEX.IH2209,2022-08-05 11:00:00,2742.0,2749.6,2736.0,2748.6,1124.0
CFFEX.IH2209,2022-08-05 13:00:00,2749.0,2762.0,2736.0,2762.0,2669.0
CFFEX.IH2209,2022-08-05 14:00:00,2762.0,2781.8,2760.0,2777.4,6317.0
CFFEX.IH2209,2022-08-08 09:00:00,2768.0,2776.6,2765.0,2771.2,3076.0
CFFEX.IH2209,2022-08-08 10:00:00,2771.2,2773.6,2758.8,2761.4,3357.0
CFFEX.IH2209,2022-08-08 11:00:00,2761.4,2765.6,2758.0,2765.2,741.0
CFFEX.IH2209,2022-08-08 13:00:00,2765.4,2766.2,2751.0,2753.4,1865.0
CFFEX.IH2209,2022-08-08 14:00:00,2753.4,2764.4,2752.0,2762.2,1913.0
CFFEX.IH2209,2022-08-09 09:00:00,2760.4,2768.0,2752.2,2758.8,2539.0
CFFEX.IH2209,2022-08-09 10:00:00,2758.8,2769.0,2757.2,2762.0,2605.0
CFFEX.IH2209,2022-08-09 11:00:00,2762.0,2768.6,2760.6,2765.0,706.0
CFFEX.IH2209,2022-08-09 13:00:00,2766.8,2767.2,2754.8,2758.0,1269.0
CFFEX.IH2209,2022-08-09 14:00:00,2758.0,2766.0,2758.0,2761.8,1673.0
CFFEX.IH2209,2022-08-10 09:00:00,2759.0,2766.6,2755.2,2757.4,2818.0
CFFEX.IH2209,2022-08-10 10:00:00,2757.4,2758.2,2732.2,2736.8,5288.0
CFFEX.IH2209,2022-08-10 11:00:00,2736.8,2737.0,2729.4,2733.8,874.0
CFFEX.IH2209,2022-08-10 13:00:00,2734.0,2734.8,2723.6,2724.0,2093.0
CFFEX.IH2209,2022-08-10 14:00:00,2724.0,2730.6,2718.2,2728.6,3087.0
CFFEX.IH2209,2022-08-11 09:00:00,2740.4,2749.0,2736.2,2745.8,3273.0
CFFEX.IH2209,2022-08-11 10:00:00,2745.8,2750.0,2740.6,2749.8,2237.0
CFFEX.IH2209,2022-08-11 11:00:00,2749.8,2777.8,2749.6,2774.2,4923.0
CFFEX.IH2209,2022-08-11 13:00:00,2774.8,2793.2,2771.0,2789.2,4687.0
CFFEX.IH2209,2022-08-11 14:00:00,2789.2,2792.8,2786.8,2790.0,3439.0
CFFEX.IH2209,2022-08-12 09:00:00,2793.0,2793.0,2779.6,2782.2,3196.0
CFFEX.IH2209,2022-08-12 10:00:00,2782.2,2796.4,2780.0,2791.6,2940.0
CFFEX.IH2209,2022-08-12 11:00:00,2791.6,2793.2,2785.8,2790.0,842.0
CFFEX.IH2209,2022-08-12 13:00:00,2792.8,2800.2,2790.0,2794.2,2620.0
CFFEX.IH2209,2022-08-12 14:00:00,2794.2,2807.8,2794.2,2799.8,3743.0
CFFEX.IH2209,2022-08-15 09:00:00,2793.0,2817.0,2785.4,2811.2,4827.0
CFFEX.IH2209,2022-08-15 10:00:00,2811.2,2812.0,2781.6,2784.8,5166.0
CFFEX.IH2209,2022-08-15 11:00:00,2784.8,2792.8,2783.4,2788.4,873.0
CFFEX.IH2209,2022-08-15 13:00:00,2788.4,2794.0,2784.6,2788.8,1863.0
CFFEX.IH2209,2022-08-15 14:00:00,2788.8,2790.2,2782.6,2784.8,2064.0
CFFEX.IH2209,2022-08-16 09:00:00,2790.0,2796.8,2782.8,2783.6,4043.0
CFFEX.IH2209,2022-08-16 10:00:00,2783.6,2799.4,2779.8,2786.2,5362.0
CFFEX.IH2209,2022-08-16 11:00:00,2786.2,2787.0,2778.6,2781.8,1034.0
CFFEX.IH2209,2022-08-16 13:00:00,2781.0,2783.0,2769.2,2774.4,3392.0
CFFEX.IH2209,2022-08-16 14:00:00,2774.4,2780.0,2763.4,2768.2,5911.0
CFFEX.IH2209,2022-08-17 09:00:00,2771.4,2775.6,2756.0,2756.0,3904.0
CFFEX.IH2209,2022-08-17 10:00:00,2756.0,2793.6,2750.0,2786.8,11755.0
CFFEX.IH2209,2022-08-17 11:00:00,2786.8,2787.8,2778.6,2786.6,2143.0
CFFEX.IH2209,2022-08-17 13:00:00,2787.2,2793.0,2778.6,2793.0,3673.0
CFFEX.IH2209,2022-08-17 14:00:00,2793.0,2796.4,2783.8,2784.6,4913.0
CFFEX.IH2209,2022-08-18 09:00:00,2779.8,2787.8,2770.4,2774.4,6262.0
CFFEX.IH2209,2022-08-18 10:00:00,2774.4,2775.4,2753.6,2756.8,8338.0
CFFEX.IH2209,2022-08-18 11:00:00,2756.8,2760.0,2751.4,2757.2,2130.0
CFFEX.IH2209,2022-08-18 13:00:00,2756.0,2763.4,2752.2,2757.4,3989.0
CFFEX.IH2209,2022-08-18 14:00:00,2757.4,2768.2,2756.2,2761.4,5933.0
CFFEX.IH2209,2022-08-19 09:00:00,2759.8,2773.6,2755.4,2766.4,9624.0
CFFEX.IH2209,2022-08-19 10:00:00,2766.4,2777.6,2761.2,2771.2,10804.0
CFFEX.IH2209,2022-08-19 11:00:00,2771.2,2776.2,2765.0,2770.8,3039.0
CFFEX.IH2209,2022-08-19 13:00:00,2770.6,2773.2,2753.8,2757.6,7710.0
CFFEX.IH2209,2022-08-19 14:00:00,2757.6,2759.4,2751.8,2756.2,7530.0
CFFEX.IH2209,2022-08-22 09:00:00,2748.0,2772.6,2741.6,2771.6,14329.0
CFFEX.IH2209,2022-08-22 10:00:00,2771.6,2773.8,2760.2,2769.4,9421.0
CFFEX.IH2209,2022-08-22 11:00:00,2769.4,2769.8,2762.0,2768.6,2498.0
CFFEX.IH2209,2022-08-22 13:00:00,2768.6,2769.8,2752.0,2756.6,6747.0
CFFEX.IH2209,2022-08-22 14:00:00,2756.6,2759.4,2752.4,2755.0,6348.0
CFFEX.IH2209,2022-08-23 09:00:00,2757.6,2764.6,2735.2,2739.0,10553.0
CFFEX.IH2209,2022-08-23 10:00:00,2739.0,2739.4,2728.0,2736.0,9012.0
CFFEX.IH2209,2022-08-23 11:00:00,2736.0,2758.0,2734.2,2756.4,5709.0
CFFEX.IH2209,2022-08-23 13:00:00,2755.8,2758.0,2735.2,2739.4,6627.0
CFFEX.IH2209,2022-08-23 14:00:00,2739.4,2743.4,2732.0,2736.8,6121.0
CFFEX.IH2209,2022-08-24 09:00:00,2742.0,2755.8,2734.6,2735.0,9845.0
CFFEX.IH2209,2022-08-24 10:00:00,2735.0,2745.0,2727.0,2733.6,10058.0
CFFEX.IH2209,2022-08-24 11:00:00,2733.6,2738.8,2728.0,2728.8,3008.0
CFFEX.IH2209,2022-08-24 13:00:00,2729.0,2735.6,2714.2,2716.8,8191.0
CFFEX.IH2209,2022-08-24 14:00:00,2716.8,2721.4,2705.0,2708.2,10043.0
CFFEX.IH2209,2022-08-25 09:00:00,2717.6,2726.6,2715.0,2719.8,8791.0
CFFEX.IH2209,2022-08-25 10:00:00,2719.8,2723.6,2710.4,2720.0,10869.0
CFFEX.IH2209,2022-08-25 11:00:00,2720.0,2724.8,2717.4,2721.6,3039.0
CFFEX.IH2209,2022-08-25 13:00:00,2722.6,2731.4,2722.6,2725.4,8505.0
CFFEX.IH2209,2022-08-25 14:00:00,2725.4,2763.0,2723.0,2757.2,16813.0
CFFEX.IH2209,2022-08-26 09:00:00,2760.0,2764.0,2750.8,2757.8,10090.0
CFFEX.IH2209,2022-08-26 10:00:00,2757.8,2769.0,2756.4,2757.0,8470.0
CFFEX.IH2209,2022-08-26 11:00:00,2757.0,2758.8,2752.8,2754.8,2447.0
CFFEX.IH2209,2022-08-26 13:00:00,2754.2,2761.6,2753.2,2760.0,5105.0
CFFEX.IH2209,2022-08-26 14:00:00,2760.0,2764.2,2754.2,2757.8,7168.0
CFFEX.IH2209,2022-08-29 09:00:00,2733.2,2744.4,2727.2,2732.4,13602.0
CFFEX.IH2209,2022-08-29 10:00:00,2732.4,2739.2,2723.4,2736.4,8703.0
CFFEX.IH2209,2022-08-29 11:00:00,2736.4,2742.0,2733.0,2734.0,2638.0
CFFEX.IH2209,2022-08-29 13:00:00,2732.8,2736.4,2726.6,2731.6,4115.0
CFFEX.IH2209,2022-08-29 14:00:00,2731.6,2735.2,2729.4,2735.2,6202.0
CFFEX.IH2209,2022-08-30 09:00:00,2735.0,2744.8,2720.6,2721.6,9158.0
CFFEX.IH2209,2022-08-30 10:00:00,2721.6,2721.6,2706.0,2715.0,10973.0
CFFEX.IH2209,2022-08-30 11:00:00,2715.0,2724.2,2713.8,2723.8,2990.0
CFFEX.IH2209,2022-08-30 13:00:00,2724.2,2726.6,2716.8,2721.2,4898.0
CFFEX.IH2209,2022-08-30 14:00:00,2721.2,2734.2,2719.8,2730.6,7333.0
CFFEX.IH2209,2022-08-31 09:00:00,2719.0,2754.6,2717.6,2752.4,14119.0
CFFEX.IH2209,2022-08-31 10:00:00,2752.4,2756.6,2738.6,2743.8,11658.0
CFFEX.IH2209,2022-08-31 11:00:00,2743.8,2747.8,2737.6,2743.2,2725.0
CFFEX.IH2209,2022-08-31 13:00:00,2744.4,2787.6,2743.0,2775.2,14561.0
CFFEX.IH2209,2022-08-31 14:00:00,2775.2,2778.0,2756.2,2764.0,8682.0
CFFEX.IH2209,2022-09-01 09:00:00,2754.8,2758.8,2745.6,2756.0,9949.0
CFFEX.IH2209,2022-09-01 10:00:00,2756.0,2763.4,2752.4,2754.8,7517.0
CFFEX.IH2209,2022-09-01 11:00:00,2754.8,2759.8,2751.4,2756.0,2969.0
CFFEX.IH2209,2022-09-01 13:00:00,2751.4,2764.2,2747.4,2754.4,7810.0
CFFEX.IH2209,2022-09-01 14:00:00,2754.4,2756.6,2731.8,2736.8,9776.0
CFFEX.IH2209,2022-09-02 09:00:00,2741.0,2744.6,2728.2,2731.2,8093.0
CFFEX.IH2209,2022-09-02 10:00:00,2731.2,2731.2,2714.4,2719.2,11322.0
CFFEX.IH2209,2022-09-02 11:00:00,2719.2,2726.8,2716.8,2722.6,2597.0
CFFEX.IH2209,2022-09-02 13:00:00,2722.0,2724.8,2708.8,2711.4,6379.0
CFFEX.IH2209,2022-09-02 14:00:00,2711.4,2718.0,2696.6,2712.4,13381.0
CFFEX.IH2209,2022-09-05 09:00:00,2703.0,2709.2,2675.4,2689.6,11780.0
CFFEX.IH2209,2022-09-05 10:00:00,2689.6,2696.6,2677.6,2690.0,8228.0
CFFEX.IH2209,2022-09-05 11:00:00,2690.0,2696.8,2686.0,2690.8,3104.0
CFFEX.IH2209,2022-09-05 13:00:00,2694.0,2704.6,2680.8,2687.4,6486.0
CFFEX.IH2209,2022-09-05 14:00:00,2687.4,2703.6,2685.4,2702.8,7806.0
CFFEX.IH2209,2022-09-06 09:00:00,2710.8,2727.6,2706.2,2713.0,13005.0
CFFEX.IH2209,2022-09-06 10:00:00,2713.0,2719.8,2704.2,2713.0,7318.0
CFFEX.IH2209,2022-09-06 11:00:00,2713.0,2719.8,2709.0,2718.0,3020.0
CFFEX.IH2209,2022-09-06 13:00:00,2716.0,2720.6,2713.4,2715.2,4872.0
CFFEX.IH2209,2022-09-06 14:00:00,2715.2,2729.0,2711.4,2724.4,8446.0
CFFEX.IH2209,2022-09-07 09:00:00,2714.0,2716.6,2708.2,2712.2,7324.0
CFFEX.IH2209,2022-09-07 10:00:00,2712.2,2722.0,2706.2,2710.6,6729.0
CFFEX.IH2209,2022-09-07 11:00:00,2710.6,2712.6,2707.4,2710.2,2579.0
CFFEX.IH2209,2022-09-07 13:00:00,2710.6,2714.6,2706.0,2710.4,4612.0
CFFEX.IH2209,2022-09-07 14:00:00,2710.4,2716.8,2707.2,2716.4,7144.0
